id,source,code,upc,name,year,series,approx_retail_usd,photo_filename,image_path,description
koc-1,catalog_koc,QXC4067,,"Victorian Skater, Club",1992,KOC,15.0,4067_20260311_121221.jpg,assets/photos/4067_20260311_121221.jpg,
koc-2,catalog_koc,QXC5435,,"Sharing Christmas, Club",1993,KOC,12.0,5435_20260311_121246.jpg,assets/photos/5435_20260311_121246.jpg,
koc-3,catalog_koc,QXC4836,,Majestic Deer (with wood stand),1994,KOC,18.0,4836_20260311_121315.jpg,assets/photos/4836_20260311_121315.jpg,
koc-4,catalog_koc,QXC5464,,Christmas Treasures Chest w/ Miniatures,1992,KOC,45.0,5464_20260311_121346.jpg,assets/photos/5464_20260311_121346.jpg,
koc-5,catalog_koc,QXC7341,,Rudolph the Red Nosed Reindeer (Lighted) KOC Club Edition,1996,KOC,22.0,7341_20260311_121409.jpg,assets/photos/7341_20260311_121409.jpg,
koc-6,catalog_koc,QXC5442,,Gentle Tidings (Porcelain Angel),1993,KOC,18.0,5442_20260311_121431.jpg,assets/photos/5442_20260311_121431.jpg,
koc-7,catalog_koc,QXC2002,,"Santa's Big Night, Club (4 pc set)",2002,KOC,32.0,2002_20260311_121500.jpg,assets/photos/2002_20260311_121500.jpg,
koc-8,catalog_koc,QXC4779,,Galloping Into Christmas (No Stand),1991,KOC,12.0,4779_20260311_121555.jpg,assets/photos/4779_20260311_121555.jpg,
koc-9,catalog_koc,QXC5801,,Sleighful Of Dreams Club Exclusive,1988,KOC,15.0,5801_20260311_121616.jpg,assets/photos/5801_20260311_121616.jpg,
koc-10,catalog_koc,QXC4476,,Dove Of Peace WITH Stand Club,1990,KOC,20.0,4476_20260311_121645.jpg,assets/photos/4476_20260311_121645.jpg,
koc-11,catalog_koc,QXC4483,,"Noelle, Club",1989,KOC,15.0,4483_20260311_121709.jpg,assets/photos/4483_20260311_121709.jpg,
koc-12,catalog_koc,QXC4766,,Christmas Limited Club (incl wood base),1990,KOC,22.0,4766_20260311_121732.jpg,assets/photos/4766_20260311_121732.jpg,
koc-13,catalog_koc,QXC4797,,Secrets For Santa Club (includes stand),1991,KOC,18.0,4797_20260311_121759.jpg,assets/photos/4797_20260311_121759.jpg,
koc-14,catalog_koc,QXC4833,,Jolly Holly Santa (Joyce Lyle Signed),1994,KOC,35.0,4833_20260311_121826.jpg,assets/photos/4833_20260311_121826.jpg,
koc-15,catalog_koc,QXC4473,,Sugar Plum Fairy (Porcelain Club Edition),1990,KOC,22.0,4473_20260311_121855.jpg,assets/photos/4473_20260311_121855.jpg,
koc-16,catalog_koc,QXC4181,,Happy Holidays Barbie #1 Club,1996,Barbie,15.0,4181_20260311_122119.jpg,assets/photos/4181_20260311_122119.jpg,
koc-17,catalog_koc,QXC4512,,Christmas Is Peaceful (Bone China),1989,KOC,18.0,4512_20260311_122141.jpg,assets/photos/4512_20260311_122141.jpg,
koc-18,catalog_koc,QXC7341,,Rudolph the Red Nosed Reindeer (Lighted) KOC Club Edition,1996,KOC,22.0,7341_20260311_122224.jpg,assets/photos/7341_20260311_122224.jpg,
koc-19,catalog_koc,QXC4164,,"Santa, Club Exclusive",1996,KOC,12.0,4164_20260311_122340.jpg,assets/photos/4164_20260311_122340.jpg,
koc-20,catalog_koc,QXC4117,,Collecting Memories Club Exclusive,1995,KOC,15.0,4117_20260311_122405.jpg,assets/photos/4117_20260311_122405.jpg,
koc-21,catalog_koc,QXC4605,,"Holiday Heirloom #3, Club",1989,KOC,12.0,4605_20260311_122425.jpg,assets/photos/4605_20260311_122425.jpg,
koc-22,catalog_koc,QXC1059,,"Folk Art, Home from the Woods",1995,KOC,12.0,1059_20260311_122449.jpg,assets/photos/1059_20260311_122449.jpg,
koc-23,catalog_koc,QXC5809,,Wreath of Memories (Charter Member),1987,KOC,35.0,5809_20260311_122836.jpg,assets/photos/5809_20260311_122836.jpg,
koc-24,catalog_koc,QXC5817,,Carousel of Reindeer (Charter Member),1987,KOC,40.0,5817_20260311_123039.jpg,assets/photos/5817_20260311_123039.jpg,
koc-25,catalog_koc,QXC4491,,A Friend Chimes In (Miniature),2000,KOC,10.0,4491_20260311_123124.jpg,assets/photos/4491_20260311_123124.jpg,
koc-26,catalog_koc,QXC4613,,Snowman (Club Gift),1988,KOC,10.0,4613_20260311_123308.jpg,assets/photos/4613_20260311_123308.jpg,
koc-27,catalog_koc,QXC4623,,Curius the Elf Club Exclusive,2002,KOC,12.0,4623_20260311_123357.jpg,assets/photos/4623_20260311_123357.jpg,
koc-28,catalog_koc,QXC4456,,Club Hollow (Hinged Door),1990,KOC,20.0,4456_20260311_123418.jpg,assets/photos/4456_20260311_123418.jpg,
koc-29,catalog_koc,QXC4853,,On Cloud Nine,1994,KOC,12.0,4853_20260311_123518.jpg,assets/photos/4853_20260311_123518.jpg,
koc-30,catalog_koc,QXC7291,,Santas Club List,1992,KOC,15.0,7291_20260311_123652.jpg,assets/photos/7291_20260311_123652.jpg,
koc-31,catalog_koc,QXC4285,,"Collect A Dream, Club",1989,KOC,12.0,4285_20260311_123711.jpg,assets/photos/4285_20260311_123711.jpg,
koc-32,catalog_koc,QXC5207,,Fishing for Fun (Clip-on),1995,KOC,22.0,5207_20260311_123727.jpg,assets/photos/5207_20260311_123727.jpg,
koc-33,catalog_koc,QXC5804,,Our Clubhouse (Club Gift),1988,KOC,15.0,0000_20260311_123813.jpg,assets/photos/0000_20260311_123813.jpg,
koc-34,catalog_koc,QXC5081,,Rodney Takes Flight Club Exclusive,1992,KOC,12.0,5081_20260311_123851.jpg,assets/photos/5081_20260311_123851.jpg,
koc-35,catalog_koc,QXC5272,,"It's In the Mail, Club",1993,KOC,12.0,5272_20260311_123910.jpg,assets/photos/5272_20260311_123910.jpg,
koc-36,catalog_koc,QXC5802,,"Visit From Santa, Club",1989,KOC,15.0,5802_20260311_124009.jpg,assets/photos/5802_20260311_124009.jpg,
koc-37,catalog_koc,QXC5432,,Trimmed with Memories,1993,KOC,12.0,5432_20260311_124033.jpg,assets/photos/5432_20260311_124033.jpg,
koc-38,catalog_koc,QXC4823,,Holiday Pursuit,1994,KOC,10.0,4823_20260311_124100.jpg,assets/photos/4823_20260311_124100.jpg,
koc-39,catalog_koc,QXC4769,,Hidden Treasure,1991,KOC,15.0,4769_20260311_124116.jpg,assets/photos/4769_20260311_124116.jpg,
koc-40,catalog_koc,QXC4453,,"Armful Of Joy, Club",1990,KOC,12.0,4453_20260311_124201.jpg,assets/photos/4453_20260311_124201.jpg,
koc-41,catalog_koc,QXC7259,,Beary Artistic (Lighted),1991,KOC,20.0,7259_20260311_124240.jpg,assets/photos/7259_20260311_124240.jpg,
koc-42,catalog_koc,QXC4174,,1937 Steelcraft Auburn (Don Palmiter Signed),1996,KOC,30.0,4174_20260311_124257.jpg,assets/photos/4174_20260311_124257.jpg,
koc-43,catalog_koc,QXC4161,,Wizard in Balloon (Wizard of Oz),1996,KOC,30.0,4161_20260311_124322.jpg,assets/photos/4161_20260311_124322.jpg,
koc-44,catalog_koc,QDB1001,,Snowman Band (Motion/Music),2020,KOC,15.0,QDB1001_20260311_125750.jpg,assets/photos/QDB1001_20260311_125750.jpg,
koc-45,catalog_koc,QXC5132,,Happy Christmas to All,1997,KOC,12.0,QXC5132_20260311_125821.jpg,assets/photos/QXC5132_20260311_125821.jpg,
koc-46,catalog_koc,DB1002,,That's Snow Sweet Club Exclusive,2021,KOC,15.0,DB1002_20260311_125839.jpg,assets/photos/DB1002_20260311_125839.jpg,
koc-47,catalog_koc,QXC4502,,"Nesting Nativity (Set of 5), Club",2001,Nativity,25.0,QXC4502_20260311_125901.jpg,assets/photos/QXC4502_20260311_125901.jpg,
koc-48,catalog_koc,QXC4501,,1938 Garton Zephyr (Pedal Car),2000,KOC,15.0,QXC4501_20260311_125924.jpg,assets/photos/QXC4501_20260311_125924.jpg,
koc-49,catalog_koc,QXC4517,,Snow Days (Peanuts Set of 2),1999,KOC,22.0,QXC4517_20260311_125958.jpg,assets/photos/QXC4517_20260311_125958.jpg,
koc-50,catalog_koc,QXC4583,,"Nostalgic House, Clara's Hallmark Shop",2002,KOC,25.0,QXC4583_20260311_130026.jpg,assets/photos/QXC4583_20260311_130026.jpg,
koc-51,catalog_koc,QXC4481,,Jingle Bell Kringle Club,2000,KOC,12.0,QXC4481_20260311_130041.jpg,assets/photos/QXC4481_20260311_130041.jpg,
koc-52,catalog_koc,QXC4656,,Frostlight Faerie Gabriella (Lighted),2002,KOC,25.0,QXC4656_20260311_130116.jpg,assets/photos/QXC4656_20260311_130116.jpg,
koc-53,catalog_koc,QDB1012,,Sweet Snowman Baker Club Exclusive,2021,KOC,15.0,QDB1012_20260311_130156.jpg,assets/photos/QDB1012_20260311_130156.jpg,
koc-54,catalog_koc,QXC4523,,Making His Way,1998,KOC,12.0,QXC4523_20260311_130218.jpg,assets/photos/QXC4523_20260311_130218.jpg,
koc-55,catalog_koc,DB1004,,Accordion Playing Penguin (Miniature),2020,KOC,10.0,DB1004_20260311_130326.jpg,assets/photos/DB1004_20260311_130326.jpg,
koc-56,catalog_koc,QXC4537,,Waiting for a Hug (Club Teddy),1999,KOC,12.0,QXC4537_20260311_130345.jpg,assets/photos/QXC4537_20260311_130345.jpg,
koc-57,catalog_koc,QXC4586,,Santa's Workshop Lunchbox (with 3 Minis),2002,KOC,20.0,QXC4586_20260311_130359.jpg,assets/photos/QXC4586_20260311_130359.jpg,
koc-58,catalog_koc,QXC4573,,Frosty Friends Porcelain Box,2002,Frosty Friends,18.0,QXC4573_20260311_130415.jpg,assets/photos/QXC4573_20260311_130415.jpg,
koc-59,catalog_koc,QXC4493,,Happy Holidays Barbie #3 Club,1998,Barbie,15.0,QXC4493_20260311_130428.jpg,assets/photos/QXC4493_20260311_130428.jpg,
koc-60,catalog_koc,QXC5185,,1937 Steelcraft Airflow (Ed Weirick Signed),1997,KOC,30.0,QXC5185_20260311_130444.jpg,assets/photos/QXC5185_20260311_130444.jpg,
koc-61,catalog_koc,QXC4514,,Bell Bearing Elf Club Exclusive,2000,KOC,12.0,QXC4514_20260311_130457.jpg,assets/photos/QXC4514_20260311_130457.jpg,
koc-62,catalog_koc,DB1007,,Jolly Old St. Nick (Damaged Box),2023,KOC,18.0,DB1007_20260311_130542.jpg,assets/photos/DB1007_20260311_130542.jpg,
koc-63,catalog_koc,DB1025,,Sweet Charter Member Mini Snowman,2021,KOC,225.0,DB1025_20260311_130607.jpg,assets/photos/DB1025_20260311_130607.jpg,
koc-64,catalog_koc,QXC4519,,Toymakers Gift (Damaged Box),1999,KOC,15.0,QXC4519_20260311_130627.jpg,assets/photos/QXC4519_20260311_130627.jpg,
koc-65,catalog_koc,QXC4504,,Angelic Bell Club,2000,KOC,12.0,QXC4504_20260311_130658.jpg,assets/photos/QXC4504_20260311_130658.jpg,
koc-66,catalog_koc,QXC4494,,Happy Holidays Barbie #5 Club,2000,Barbie,15.0,QXC4494_20260311_130718.jpg,assets/photos/QXC4494_20260311_130718.jpg,
koc-67,catalog_koc,QXC5162,,Happy Holidays Barbie #2 Club,1997,Barbie,15.0,QXC5162_20260311_130731.jpg,assets/photos/QXC5162_20260311_130731.jpg,
koc-68,catalog_koc,QXC5135,,Away to the Window,1997,KOC,12.0,QXC5135_20260311_130751.jpg,assets/photos/QXC5135_20260311_130751.jpg,
koc-69,catalog_koc,DB1009,,Santa's Ornament Treasures (Tom Best Signed),2023,KOC,35.0,DB1009_20260311_130807.jpg,assets/photos/DB1009_20260311_130807.jpg,
koc-70,catalog_koc,QXC4525,,Santa Claus Marionette Club,2001,KOC,18.0,QXC4525_20260311_130821.jpg,assets/photos/QXC4525_20260311_130821.jpg,
koc-71,catalog_koc,QXC4484,,Ringing Reindeer Club,2000,KOC,12.0,QXC4484_20260311_130831.jpg,assets/photos/QXC4484_20260311_130831.jpg,
koc-72,catalog_koc,QXC4516,,New Christmas Friend Puppy,1998,KOC,12.0,QXC4516_20260311_130857.jpg,assets/photos/QXC4516_20260311_130857.jpg,
koc-73,catalog_koc,QXC4527,,Arctic Artist,1999,KOC,12.0,QXC4527_20260311_130910.jpg,assets/photos/QXC4527_20260311_130910.jpg,
koc-74,catalog_koc,QXC4552,,Ready for Delivery Club Exclusive,2001,KOC,15.0,QXC4552_20260311_130923.jpg,assets/photos/QXC4552_20260311_130923.jpg,
koc-75,catalog_koc,QXC4496,,1935 Steelcraft by Murray,1998,KOC,15.0,QXC4496_20260311_130936.jpg,assets/photos/QXC4496_20260311_130936.jpg,
koc-76,catalog_koc,QXC4503,,Follow the Leader,1998,KOC,12.0,QXC4503_20260311_130949.jpg,assets/photos/QXC4503_20260311_130949.jpg,
koc-77,catalog_koc,QXC1003,0795902140229,Branching out in Style,2010,KOC,15.0,0795902140229_20260308_160226.jpg,assets/photos/0795902140229_20260308_160226.jpg,
koc-78,catalog_koc,QXC1003,0795902140229,Branching out in Style,2010,KOC,15.0,0795902140229_20260308_160911.jpg,assets/photos/0795902140229_20260308_160911.jpg,
koc-79,catalog_koc,QXC8003,0795902036447,Stanley T. Starr Snowtop Lodge,2008,KOC,22.0,0795902036447_20260308_161149.jpg,assets/photos/0795902036447_20260308_161149.jpg,
koc-80,catalog_koc,QXC5022,0795902197995,Hide n Peek (Member Exclusive),2011,KOC,85.0,0795902197995_20260308_161200.jpg,assets/photos/0795902197995_20260308_161200.jpg,
koc-81,catalog_koc,QXC4004,0015012815856,Sharing the Stars (Disney - Non-Mint Box),2004,KOC,20.0,0015012815856_20260308_161233.jpg,assets/photos/0015012815856_20260308_161233.jpg,
koc-82,catalog_koc,QXC4001,0015012815788,Hidden Wishes,2004,KOC,12.0,0015012815788_20260308_161244.jpg,assets/photos/0015012815788_20260308_161244.jpg,
koc-83,catalog_koc,QXC5039,0795902247133,Who-o-o Doesn't Love Snow!,2012,KOC,15.0,0795902247133_20260308_161305.jpg,assets/photos/0795902247133_20260308_161305.jpg,
koc-84,catalog_koc,QXC5078,0795902403133,Mice Cream Sundae,2014,KOC,18.0,0795902403133_20260308_161320.jpg,assets/photos/0795902403133_20260308_161320.jpg,
koc-85,catalog_koc,QXC9002,0795902083434,Zipping Through the Snow (Peanuts - Non-Mint),2009,KOC,18.0,0795902083434_20260308_161628.jpg,assets/photos/0795902083434_20260308_161628.jpg,
koc-86,catalog_koc,QXC6004,0015012922103,A Charlie Brown Christmas Tree (Peanuts),2006,KOC,22.0,0015012922103_20260308_161815.jpg,assets/photos/0015012922103_20260308_161815.jpg,
koc-87,catalog_koc,QXC9003,0795902083441,Christmas Cards for Santa,2009,KOC,15.0,0795902083441_20260308_161831.jpg,assets/photos/0795902083441_20260308_161831.jpg,
koc-88,catalog_koc,QXC5018,0763795219322,Inside Story,2017,KOC,20.0,0763795219322_20260308_162213.jpg,assets/photos/0763795219322_20260308_162213.jpg,
koc-89,catalog_koc,QXC4002,0015012809534,Plotting the Course,2004,KOC,15.0,0015012809534_20260308_162329.jpg,assets/photos/0015012809534_20260308_162329.jpg,
koc-90,catalog_koc,QXC7003,0015012981834,Decorating Snow Lady,2007,KOC,15.0,0015012981834_20260308_162420.jpg,assets/photos/0015012981834_20260308_162420.jpg,
koc-91,catalog_koc,QXC5076,0795902412906,Christmas Window 2014,2014,Christmas Windows,50.0,0795902412906_20260310_140245.jpg,assets/photos/0795902412906_20260310_140245.jpg,
koc-92,catalog_koc,QXC5003,0015012872286,Christmas Window 2005,2005,Christmas Windows,35.0,0015012872286_20260310_140257.jpg,assets/photos/0015012872286_20260310_140257.jpg,
koc-93,catalog_koc,QXC8002,0795902036454,Christmas Window 2008 (Non-Mint Box),2008,Christmas Windows,40.0,0795902036454_20260310_140312.jpg,assets/photos/0795902036454_20260310_140312.jpg,
koc-94,catalog_koc,QXC5334,0763795455454,Christmas Window (Main Street Candy),2019,Christmas Windows,150.0,0763795455454_20260310_140346.jpg,assets/photos/0763795455454_20260310_140346.jpg,
koc-95,catalog_koc,QXC7001,0015012986532,Christmas Window 2007,2007,Christmas Windows,35.0,0015012986532_20260310_140358.jpg,assets/photos/0015012986532_20260310_140358.jpg,
koc-96,catalog_koc,QXC6003,0015012939477,Christmas Window 2006,2006,Christmas Windows,35.0,0015012939477_20260310_140527.jpg,assets/photos/0015012939477_20260310_140527.jpg,
koc-97,catalog_koc,QXC9001,0795902083427,Christmas Window Fine Chocolates,2009,Christmas Windows,45.0,0795902083427_20260310_140548.jpg,assets/photos/0795902083427_20260310_140548.jpg,
koc-98,catalog_koc,QXC5057,0795902342128,Pre-Flight Check,2013,KOC,18.0,0795902342128_20260310_140844.jpg,assets/photos/0795902342128_20260310_140844.jpg,
koc-99,catalog_koc,QXC5137,0763795958566,Friend of a Feather (Member Exclusive),2015,KOC,22.0,0763795958566_20260310_140854.jpg,assets/photos/0763795958566_20260310_140854.jpg,
koc-100,catalog_koc,QXC5021,0795902200046,Starlight Angel,2011,KOC,25.0,0795902200046_20260310_141001.jpg,assets/photos/0795902200046_20260310_141001.jpg,
koc-101,catalog_koc,QXC5020,0795902197612,Christmas Window Sporting Goods,2011,Christmas Windows,65.0,0795902197612_20260310_142135.jpg,assets/photos/0795902197612_20260310_142135.jpg,
upc-1,catalog_upc_nokoc,,0015012888256,2005 England (Santas From Around the World) Hallmark Keepsake Christmas Tree Ornament - QXG4822,2005,General,,0015012888256_20260308_160241.jpg,assets/photos/0015012888256_20260308_160241.jpg,Represent the pride of England with this Santa Around the World ornament. Adorned with a red coat and green and gold accents  it s the perfect addition to any holiday d?cor. Show your love for England this season with this beautiful ornament.
upc-2,catalog_upc_nokoc,,0015012705270,Hallmark Ornament: 2002 Sunday Evening Sleigh Ride | QX2903,2002,General,,0015012705270_20260308_160929.jpg,assets/photos/0015012705270_20260308_160929.jpg,The 2002 Sunday Evening Sleigh Ride Ornament is a stunning addition to any Christmas Tree! Sunday Evening Sleigh Ride features a hillside church whose warmly lit windows are calling villagers to worship on a sno-covered winter night. Hallmark first started crafting their ornaments in 1973. Over the past 50 years they?ve become a celebrated tradition for everyone from collectors to everyday Christmas tree decorators. Snag the 2002 Sunday Evening Sleigh Ride ornament today?It?s sure to bring joy to your home this Holiday Season!
upc-3,catalog_upc_nokoc,,0015012596380,2001 Peek-a-Boo Present (Santa Claus) Hallmark Keepsake Christmas Tree Ornament - QX8302,2001,General,,0015012596380_20260308_160943.jpg,assets/photos/0015012596380_20260308_160943.jpg,The 2001 Peek-a-Boo Present Ornament is a stunning addition to any Christmas Tree! Santa s used to opening gifts  but look at his surprise at gifts that open up themselves right before his eyes  revealing a sweet teddy bear of such a precious size! Hallmark first started crafting their ornaments in 1973. Over the past 50 years they?ve become a celebrated tradition for everyone from collectors to everyday Christmas tree decorators. Snag the 2001 Peek-a-Boo Present ornament today?It?s sure to bring joy to your home this Holiday Season!
upc-4,catalog_upc_nokoc,,0015012888256,2005 England (Santas From Around the World) Hallmark Keepsake Christmas Tree Ornament - QXG4822,2005,General,,0015012888256_20260308_160953.jpg,assets/photos/0015012888256_20260308_160953.jpg,Represent the pride of England with this Santa Around the World ornament. Adorned with a red coat and green and gold accents  it s the perfect addition to any holiday d?cor. Show your love for England this season with this beautiful ornament.
upc-5,catalog_upc_nokoc,QDB1003,0763795763818,Hallmark 2022 KOC Polar Bear Santa Christmas Keepsake Club Ornament Sound New,2022,KOC,,0763795763818_20260308_161009.jpg,assets/photos/0763795763818_20260308_161009.jpg,2022 Polar Bear Santa2022 Hallmark Keepsake Club OrnamentItem #: QDB1003 Condition: Mint Ornament in Box*Hooked on Ornaments does not require club membership to purchases Club exclusive ornaments. Press the button on the side of Santa Belt to hear the polar bear Santa getting excited for Christmas.BATTERY OPERATED. Batteries (two LR44) included.Artist: Tracy Larsen; Released: 2022 (March); Retail Price: $36.99 USA/$46.99 CAN; o hear the polar bear Santa getting excited for Christmas.BATTERY OPERATED. Batteries (two LR44) included.Artist: Tracy Larsen; Released: 2022 (March); Retail Price: $36.99 USA/$46.99 CAN; Club Member Exclusive ; Artist: Tracy Larsen; Dated 2022 in copyright.; Measures: ; Materials: plastic;
upc-6,catalog_upc_nokoc,QXC5077,0795902403126,Hallmark Ornament 2014 Santa s Grandfather Clock,2014,KOC,,0795902403126_20260308_161052.jpg,assets/photos/0795902403126_20260308_161052.jpg,2014 Santa s Grandfather Clock - 2014 Hallmark Keepsake Club Ornament - Item # QXC5077 Item Condition: New  Mint ornament in Mint BoxAnother piece of furniture to add to the growing collection of furniture for the home of Santa and Mrs. Claus. This intricately detailed grandfather clock will look beautiful in your vignette. This ornament was originally offered as a Keepsake of Membership ornament for Hallmark Keepsake Ornament club members. Size: Dated: Not Noted Artist: Edythe Kegrize
upc-7,catalog_upc_nokoc,,0763795659647,Hallmark QXR9165 Jingle Bell Pals (21st in the Snowball and Tuxedo series) 2021 Ornament,2021,General,,0763795659647_20260308_161114.jpg,assets/photos/0763795659647_20260308_161114.jpg,Jingle all the way through the holidays with Snowball the polar bear and Tuxedo the penguin. This sweet Christmas tree ornament features the polar pals with a soft and fuzzy flocked finish showing off their shiny gold jingle bell accessories. Christmas tree ornament is 21st in the Snowball and Tuxedo series. Artist crafted by Joanne Wright  Plastic Christmas tree ornament measures 2  W x 2.8  H x 2.3  D.
upc-8,catalog_upc_nokoc,,0015012815498,2004 Toymaker Santa Hallmark Keepsake Christmas Tree Ornament - QX8124,2004,Toymaker Santa,,0015012815498_20260308_161220.jpg,assets/photos/0015012815498_20260308_161220.jpg,Add this 2004 Toymaker Santa ornament to your Christmas collection! Santa Claus is featured with a little red wagon that holds a ball  teddy bear  and a doll  showing his skill at making toys. Perfect for any Christmas lover  this ornament will bring a festive touch to your holiday decor.
upc-9,catalog_upc_nokoc,,0015012203936,"Sarah's Prairie Home (The Sarah Plain and Tall Collection (Hallmark)), (1994)",1994,General,,0015012203936_20260308_161351.jpg,assets/photos/0015012203936_20260308_161351.jpg,
upc-10,catalog_upc_nokoc,,0015012203868,Hallmark 9451 Mrs Parkley s General Store from The Sarah Plain & Tall Collection,,General,,0015012203868_20260308_161405.jpg,assets/photos/0015012203868_20260308_161405.jpg,This is a Hallmark 9451Mrs. Parkley s General Store from The Sarah Plain and Tall Collection Manufacturer: Hallmark Model Number: 9451 Category 1: Collectibles Category 2: Other
upc-11,catalog_upc_nokoc,,0015012203943,sarah s maine home (the sarah plain and tall collection (hallmark)),,General,,0015012203943_20260308_161421.jpg,assets/photos/0015012203943_20260308_161421.jpg,sarah s maine home SKU:ADIB000BFHWMS
upc-12,catalog_upc_nokoc,,0015012203875,1994 Hallmark The Hays Train Station Village Sarah Plain and Tall Collection,1994,General,,0015012203875_20260308_161435.jpg,assets/photos/0015012203875_20260308_161435.jpg,
upc-13,catalog_upc_nokoc,,0015012203844,1994 The Sarah Plain and Tale (One of Five Scene) Hallmark Keepsake Christmas Tree Ornament - XPR9450,1994,General,,0015012203844_20260308_161447.jpg,assets/photos/0015012203844_20260308_161447.jpg,Celebrate the love story of Sarah and Jacob with this hand-painted Sarah Plain and Tall ornament. Featuring a sprig of holly on the door  it s the perfect addition to your Christmas decorations  train layouts  or as a keepsake of a beloved American tale.
upc-14,catalog_upc_nokoc,,0795902036461,Hallmark Keepsake Ornament Club 2008 Santa Takes A Spin Kiddie Race Car NEW,2008,KOC,,0795902036461_20260308_161544.jpg,assets/photos/0795902036461_20260308_161544.jpg,Hallmark Keepsake Ornament Club 2008 Santa Takes A Spin Kiddie Race Car
upc-15,catalog_upc_nokoc,,0795902088248,Hallmark Ornament 2009 Cool Decade #10 - Teddy Bear,2009,General,,0795902088248_20260308_161616.jpg,assets/photos/0795902088248_20260308_161616.jpg,The 2009 Cool Decade Ornament is a stunning addition to any Christmas Tree! This little furry brown bear brings to us the year 2009. He is the last in a series of winter animals to hold the ice block digits of each year. He is wearing a red and white draped blue glittery scarf around his neck and is cute as could be. Hallmark first started crafting their ornaments in 1973. Over the past 50 years they?ve become a celebrated tradition for everyone from collectors to everyday Christmas tree decorators. Snag the 2009 Cool Decade ornament today?It?s sure to bring joy to your home this Holiday Season!
upc-16,catalog_upc_nokoc,,0795902138929,Hallmark Ornament: 2010 Frosty Fun Decade | QX8143 | 1st in Series,2010,General,,0795902138929_20260308_161647.jpg,assets/photos/0795902138929_20260308_161647.jpg,The 2010 Frosty Fun Decade Ornament is a stunning addition to any Christmas Tree! Well it is the start of another decade  2010!! This is the first of the Frosty Fun Decade series. Other similar series are the Fabulous Decade and the Cool Decade. Hallmark first started crafting their ornaments in 1973. Over the past 50 years they?ve become a celebrated tradition for everyone from collectors to everyday Christmas tree decorators. Snag the 2010 Frosty Fun Decade ornament today?It?s sure to bring joy to your home this Holiday Season!
upc-17,catalog_upc_nokoc,,0015012982473,Hallmark Ornament 2007 Santa's Visit - Club exclusive,2007,KOC,,0015012982473_20260308_161704.jpg,assets/photos/0015012982473_20260308_161704.jpg,Hallmark Ornament 2007 Santa's Visit - Club exclusive
upc-18,catalog_upc_nokoc,,0015012865936,Hallmark Ornament 2005 Snow Day - Lighted,2005,Nativity,,0015012865936_20260308_161733.jpg,assets/photos/0015012865936_20260308_161733.jpg,The 2005 Snow Day Magic Ornament is a stunning addition to any Christmas Tree! Am untouched snow paints an enchanting white picture in every window inviting the young at heart out to play Hallmark first started crafting their ornaments in 1973. Over the past 50 years they?ve become a celebrated tradition for everyone from collectors to everyday Christmas tree decorators. Snag the 2005 Snow Day Magic ornament today?It?s sure to bring joy to your home this Holiday Season!
upc-19,catalog_upc_nokoc,,0763795764259,Hallmark 2022 KOC Polar Bear Pal Christmas Keepsake Member Club Ornament New Box,2022,KOC,,0763795764259_20260308_161746.jpg,assets/photos/0763795764259_20260308_161746.jpg,Keepsake ornament club member exclusive Appr. 2 1/4  From pet and smoke free environment New with box
upc-20,catalog_upc_nokoc,,0795902019006,Hallmark Ornament 2008 Marys Angels #21,2008,General,,0795902019006_20260308_161758.jpg,assets/photos/0795902019006_20260308_161758.jpg,Item #:QX7074Name: 2008 Mary s Angels #22 21st in the Mary s Angels Series - RosemaryOrnament Type: Keepsake Series Ornament Item Condition: Mint in BoxDescription: A little angel dressed in purple holds a lantern to light the way... Artist: Designed by Mary Hamilton Sculpted by Robert ChadAdditional Item Information:Size: 3  HDated: not noted Related: Mary s Angels Series
upc-21,catalog_upc_nokoc,,0763795791835,Snowtop Lodge Terran S. Gardner #19 Porcelain  2023 Keepsake Ornament,2023,General,,0763795791835_20260308_162004.jpg,assets/photos/0763795791835_20260308_162004.jpg,Celebrate your gardening hobby or give this Terran S. Gardner Christmas tree ornament to your favorite green thumb. The porcelain snowman  wearing a gardening hat  holds a flower pot and trowel while a glittery scene of snowmen decorating their landscape with poinsettias adorns the base. Key Features: 19th in the Snowtop Lodge series Keepsake Ornament series. Additional Details: Artist crafted by Joanne Wright. Porcelain Christmas tree ornament. Includes: One 2023 Keepsake Ornament in gift box for easy gift giving  preservation and storage. Size Approx.: 1.806 x 3.506 x 2.125
upc-22,catalog_upc_nokoc,,0015012638158,2001 My First Snowman (Nature s Sketchbook) Hallmark Keepsake Christmas Tree Ornament - QX4442,2001,General,,0015012638158_20260308_162017.jpg,assets/photos/0015012638158_20260308_162017.jpg,The 2001 My First Snowman Ornament is a stunning addition to any Christmas Tree! When I see the first snow of winter  I can t help but remember my very first snowman! I remember waking up early  rushing outside and rolling the big snowballs. Hallmark first started crafting their ornaments in 1973. Over the past 50 years they?ve become a celebrated tradition for everyone from collectors to everyday Christmas tree decorators. Snag the 2001 My First Snowman ornament today?It?s sure to bring joy to your home this Holiday Season!
upc-23,catalog_upc_nokoc,,0015012397512,101 Dalmatians Holiday Wishes Collector s Plate Ornament - 1996 Hallmark Keepsake Ornament,1996,General,,0015012397512_20260308_162032.jpg,assets/photos/0015012397512_20260308_162032.jpg,1996 Hallmark Ornament 101 Dalmatians Holiday Wishes Dated  1996 . Item height is 3.25 inches. Ornament is dated  1996  on the front of plate. Box has slight shelf wear. Comes with original box and packing material.
upc-24,catalog_upc_nokoc,,0015012849929,2005 Shiver-Me Tim Brrr (Snowmand) Hallmark Keepsake Christmas Tree Ornament - QLX7582,2005,General,,0015012849929_20260308_162104.jpg,assets/photos/0015012849929_20260308_162104.jpg,This adorable wind-up snowman ornament is perfect for kids! When wound up  it shivers in the cold  making it a fun and unique decoration. Get your kids excited for winter with this charming snowman!
upc-25,catalog_upc_nokoc,,0015012860337,coming soon,,General,,0015012860337_20260308_162115.jpg,assets/photos/0015012860337_20260308_162115.jpg,coming soon
upc-26,catalog_upc_nokoc,,0015012600957,Millennium Snowma am Hallmark Keepsake Ornament Dated 2000,2000,General,,0015012600957_20260308_162142.jpg,assets/photos/0015012600957_20260308_162142.jpg,The 2000 Millennium Snowma am Ornament is a stunning addition to any Christmas Tree! This adorable snowma am is tipping her hat for the millennium year  2000-2001! Join her in celebrating this once in a lifetime event! Hallmark first started crafting their ornaments in 1973. Over the past 50 years they?ve become a celebrated tradition for everyone from collectors to everyday Christmas tree decorators. Snag the 2000 Millennium Snowma am ornament today?It?s sure to bring joy to your home this Holiday Season!...
upc-27,catalog_upc_nokoc,,0015012365832,1997 The Warmth of Home Thomas Kinkade  Painter of Light Magic Hallmark Ornament,1997,Nativity,,0015012365832_20260308_162156.jpg,assets/photos/0015012365832_20260308_162156.jpg,The 1997 The Warmth of Home Ornament is a stunning addition to any Christmas Tree! This design brings the cozy cabin in the wilderness to life against a majestic mountain setting Hallmark first started crafting their ornaments in 1973. Over the past 50 years they?ve become a celebrated tradition for everyone from collectors to everyday Christmas tree decorators. Snag the 1997 The Warmth of Home ornament today?It?s sure to bring joy to your home this Holiday Season!
upc-28,catalog_upc_nokoc,,0763795051540,Hallmark Ornament 2016 Inside Story #1 - Fawn & Bunny Scene,2016,KOC,,0763795051540_20260308_162224.jpg,assets/photos/0763795051540_20260308_162224.jpg,2016 Inside Story #1 2016 Hallmark Keepsake Club Ornament Item # 1500QXC5131 Condition: New  Mint Ornament in Mint Box First in a new Club Exclusive series. A deer and bunny are nose to nose in a snowy landscape. Artist: Anita Marra Rogers and Rodney Gentry
upc-29,catalog_upc_nokoc,,0763795607075,Hallmark 2020 Jaws Shark Attack Ornament,2020,General,,0763795607075_20260308_162247.jpg,assets/photos/0763795607075_20260308_162247.jpg,
upc-30,catalog_upc_nokoc,,0795902417734,Hallmark Keepsake - Whoooo's Watching Solar Power Owl Ornament,,General,,0795902417734_20260308_162316.jpg,assets/photos/0795902417734_20260308_162316.jpg,
upc-31,catalog_upc_nokoc,,0795902197940,2011 Clock Cleaners (Mickey and Friends) Hallmark Keepsake Christmas Tree Ornament - QXD1029,2011,General,,0795902197940_20260308_162342.jpg,assets/photos/0795902197940_20260308_162342.jpg,This Disney-themed Christmas ornament is sure to bring a smile to your face! Donald Duck  Mickey Mouse  and Goofy help tidy the clock tower  and you can turn the crank to listen to music from the movie. It s an incredibly adorable ornament that will make your holiday season even more special.
upc-32,catalog_upc_nokoc,,0763795364404,Hallmark Ornament 2018 Lets Build a Snowman - CLUB,2018,KOC,,0763795364404_20260308_162408.jpg,assets/photos/0763795364404_20260308_162408.jpg,Hallmark Ornament 2018 Lets Build a Snowman - CLUB
upc-33,catalog_upc_nokoc,,0015012746655,Hallmark Ornament 2003 Mistletot Faeries  Club Edition,2003,KOC,,0015012746655_20260308_162433.jpg,assets/photos/0015012746655_20260308_162433.jpg,The 2003 The Mistletot Faeries Ornament is a stunning addition to any Christmas Tree! These two adorable fairies are sharing a kiss under the mistletoe! Hallmark first started crafting their ornaments in 1973. Over the past 50 years they?ve become a celebrated tradition for everyone from collectors to everyday Christmas tree decorators. Snag the 2003 The Mistletot Faeries ornament today?It?s sure to bring joy to your home this Holiday Season!
upc-34,catalog_upc_nokoc,,0015012939460,Hallmark Ornament 2006 Sleeping Village,2006,Nativity,,0015012939460_20260308_162444.jpg,assets/photos/0015012939460_20260308_162444.jpg,The 2006 The Sleeping Village Ornament is a stunning addition to any Christmas Tree! Welcome to 2006 The Sleeping Village - Club ornament  a beautiful and unique way to decorate your Christmas tree! This delightful ornament features Santa riding through the sky accompanied by his reindeer  as they cast a magical spell over the snow-covered sleepy village below. Hallmark first started crafting their ornaments in 1973. Over the past 50 years they?ve become a celebrated tradition for everyone from collectors to everyday Christmas tree decorators. Snag the 2006 The Sleeping Village ornament today?It?s sure to bring joy to your home this Holiday Season!
upc-35,catalog_upc_nokoc,,0015012881257,Hallmark Ornament: 2005 Hockey Thrills | QX2152,2005,General,,0015012881257_20260308_162456.jpg,assets/photos/0015012881257_20260308_162456.jpg,The 2005 Hockey Thrills Ornament is a stunning addition to any Christmas Tree! Nick  the large bear is enjoying playing hockey while his sidekick Christopher rides on his back. A little mouse rides on the hockey puck as Nick skates down the ice. Hallmark first started crafting their ornaments in 1973. Over the past 50 years they?ve become a celebrated tradition for everyone from collectors to everyday Christmas tree decorators. Snag the 2005 Hockey Thrills ornament today?It?s sure to bring joy to your home this Holiday Season!
upc-36,catalog_upc_nokoc,,0015012881257,Hallmark Ornament: 2005 Hockey Thrills | QX2152,2005,General,,0015012881257_20260308_162506.jpg,assets/photos/0015012881257_20260308_162506.jpg,The 2005 Hockey Thrills Ornament is a stunning addition to any Christmas Tree! Nick  the large bear is enjoying playing hockey while his sidekick Christopher rides on his back. A little mouse rides on the hockey puck as Nick skates down the ice. Hallmark first started crafting their ornaments in 1973. Over the past 50 years they?ve become a celebrated tradition for everyone from collectors to everyday Christmas tree decorators. Snag the 2005 Hockey Thrills ornament today?It?s sure to bring joy to your home this Holiday Season!
upc-37,catalog_upc_nokoc,,0015012746662,Hallmark Ornament - Skating To and Fro - Club Exclusive,2003,KOC,,0015012746662_20260308_162524.jpg,assets/photos/0015012746662_20260308_162524.jpg,The 2003 Skating To and Fro Ornament is a stunning addition to any Christmas Tree! These festive little mice are going ice skating together to spend the holidays together! Hallmark first started crafting their ornaments in 1973. Over the past 50 years they?ve become a celebrated tradition for everyone from collectors to everyday Christmas tree decorators. Snag the 2003 Skating To and Fro ornament today?It?s sure to bring joy to your home this Holiday Season!
upc-38,catalog_upc_nokoc,,0015012535884,Hallmark Keepsake Ornament 2000 Bringing Her Gift Eskimo,2000,General,,0015012535884_20260308_162543.jpg,assets/photos/0015012535884_20260308_162543.jpg,The 2000 Bringing Her Gift Ornament is a stunning addition to any Christmas Tree! A lovely child from far up north has come here for one reason-to bring a gift that wakes us to the beauty of the season Hallmark first started crafting their ornaments in 1973. Over the past 50 years they?ve become a celebrated tradition for everyone from collectors to everyday Christmas tree decorators. Snag the 2000 Bringing Her Gift ornament today?It?s sure to bring joy to your home this Holiday Season!
upc-39,catalog_upc_nokoc,,0070000027543,Hallmark Ornament: Elfin Whittler,2026,General,,,,2026-03-08 16:28:26
upc-40,catalog_upc_nokoc,,0015012026375,Light and motion ornament by Hallmark,,General,,0015012026375_20260308_162839.jpg,assets/photos/0015012026375_20260308_162839.jpg,Light and motion ornament by Hallmark
upc-41,catalog_upc_nokoc,,0015012910322,Hallmark 2006 Keepsake Tree Ornament The Gift of Love Holiday Angels Series NEW,2006,General,,0015012910322_20260308_162854.jpg,assets/photos/0015012910322_20260308_162854.jpg,Hallmark 2006 Keepsake Tree Ornament The Gift of Love Holiday Angels Series NEW
upc-42,catalog_upc_nokoc,,0795902147372,Hallmark Ornament 2010 Holiday Angel #5,2010,General,,0795902147372_20260308_162905.jpg,assets/photos/0795902147372_20260308_162905.jpg,2010 Holiday Angel #5 - Wonder of Christmas 2010 Hallmark Keepsake Series Ornament Item #:QX8416 Item Condition: New in Mint BoxThis 2010 Hallmark Keepsake ornament is fifth in the Holiday Angels series. Each angel in this series represents a symbol of the season. The 2010 angel holds a star. The ornament features fabric trim..Artist: Julie Forsyth and Edythe KegrizeAdditional Item Information:Size: 5?  HDated: Not Noted View All Holiday Angel Series
upc-43,catalog_upc_nokoc,,0795902031848,Hallmark Ornament: 2008 A Wish for Peace | QX7091,2008,General,,0795902031848_20260308_162914.jpg,assets/photos/0795902031848_20260308_162914.jpg,The 2008 A Wish for Peace Ornament is a stunning addition to any Christmas Tree! Each of the lovely angels in this series brings a different symbol of the holiday season. Here you have a angel holding and admiring a dove. Hallmark first started crafting their ornaments in 1973. Over the past 50 years they?ve become a celebrated tradition for everyone from collectors to everyday Christmas tree decorators. Snag the 2008 A Wish for Peace ornament today?It?s sure to bring joy to your home this Holiday Season!
upc-44,catalog_upc_nokoc,,0763795409419,Hallmark Keepsake 2019 Caucasian Father Christmas Ornament New Box Pre-Order,2019,Father Christmas,,0763795409419_20260308_162930.jpg,assets/photos/0763795409419_20260308_162930.jpg,Let these delightful woodland critters frolic on your tree  creating a winter wonderland before your eyes. Handcrafted in Poland  each blown glass animal features a matte-white finish adorned with snowflakes and a cozy  festive scarf embellished with glittery accents. The set of 4 miniature Christmas tree ornaments includes an owl  bear  cat and rabbit. Miniature Christmas tree ornaments measure approx. 2.25  W x 2.5  H each. Set includes 4 miniature Christmas tree ornaments. Designed by Nina Aube  this set of glass Christmas tree ornaments comes pre-packaged in a box for easy gift giving  preservation and storage. Dated 2019 in copyright. With unparalleled artistry and exceptional detail  each festive and collectible Keepsake Ornament is made for years of celebrations. From preserving precious memories to commemorating special milestones and interests  there s a Hallmark ornament for everyone on your gift list. Hallmark has been your family-owned creator of greeting cards  gifts  gift wrap and more for over
upc-45,catalog_upc_nokoc,,0795902252007,2012 Father Christmas (Father Christmas) Hallmark Keepsake Christmas Tree Ornament - QX8031,2012,Father Christmas,,0795902252007_20260308_162945.jpg,assets/photos/0795902252007_20260308_162945.jpg,Get into the holiday spirit with this beautiful Father Christmas ornament! Santa is dressed in a light blue ensemble  trimmed with silver and complete with silver boots. He holds a star and walking stick  making this one of the most attractive Father Christmas decorations crafted this year. Perfect for any holiday display!
upc-46,catalog_upc_nokoc,,0015012605730,Hallmark Ornament: 2001 Up on the Housetop | QLX7575 | Light  Motion  Sound,2001,General,,0015012605730_20260308_162958.jpg,assets/photos/0015012605730_20260308_162958.jpg,The 2001 Up on the Housetop Ornament is a stunning addition to any Christmas Tree! This Christmas ornament is a beautiful and classic addition to your Christmas d?cor. It features Santa on top of a snow-covered traditional home. Reindeer move back and forth  house windows light  family members appear at the windows. Plays  Up on the Housetop  It s the perfect decoration for your tree or as a gift for a loved one. Hallmark first started crafting their ornaments in 1973. Over the past 50 years they?ve become a celebrated tradition for everyone from collectors to everyday Christmas tree decorators. Snag the 2001 Up on the Housetop ornament today?It?s sure to bring joy to your home this Holiday Season!
upc-47,catalog_upc_nokoc,,0015012812619,Hallmark Ornament 2004 Kris and the Kringles #4 - Player Piano - Music and Motion,2004,General,,0015012812619_20260308_163009.jpg,assets/photos/0015012812619_20260308_163009.jpg,Hallmark Ornament 2004 Kris and the Kringles #4 - Player Piano - Music and Motion
upc-48,catalog_upc_nokoc,,0763795955268,Hallmark Ornament 2015 Father Christmas #12,2015,Father Christmas,,0763795955268_20260308_163037.jpg,assets/photos/0763795955268_20260308_163037.jpg,2015 Father Christmas #12 - 2015 Hallmark Keepsake Ornament - Item # QX9067 Item Condition: New  Mint ornament in Mint BoxTwelfth in the popular Father Christmas series. This series features hand crafted and fabric Santas that carry a message in their pack. Message on the scroll: The light of faith and the love of family kindle the heart of Christmas. Size: 2.36  x 5.37  x 3.51  Dated: Yes  Dated 2015 Artist: Joanne Eschrich
upc-49,catalog_upc_nokoc,,0763795097692,Hallmark 2016 Christmas Ornaments Father Christmas #13,2016,Father Christmas,,0763795097692_20260308_163049.jpg,assets/photos/0763795097692_20260308_163049.jpg,2016 Father Christmas #13 2016 Hallmark Keepsake Ornament Item # QX9054 Condition: New  Mint Ornaments in Mint Box 13th in the popular Father Christmas series - Father Christmas is dressed in a gold and amber coat. Ornament is handcrafted and fabric. On scroll:  The light of Christmas shines brightest in the hearts of those who believe.  Artist: Joanne Eschrich Size: 3.25  x 5.625  x 2.875  Dated:
upc-50,catalog_upc_nokoc,,0015012980936,2007 Unlike Any Other (Holiday Angels) Hallmark Keepsake Christmas Tree Ornament - QX7167,2007,General,,0015012980936_20260308_163106.jpg,assets/photos/0015012980936_20260308_163106.jpg,Add a unique touch to your holiday d?cor with the 2007 Holiday Angels #2 - Unlike Any Other ornament. This one-of-a-kind ornament features a white-winged angel wearing a green dress with a blue ribbon. Add a special sparkle to your tree this season with this beautiful ornament.
upc-51,catalog_upc_nokoc,,0015012738261,Hallmark Ornament 2003 Winter Wonderland #2 - Sleigh Ride,2003,General,,0015012738261_20260308_163120.jpg,assets/photos/0015012738261_20260308_163120.jpg,The 2003 Sleigh Ride Ornament is a stunning addition to any Christmas Tree! A snow globe ornament with a couple going on a sleigh ride led by a horse over a brick bridge. The base of the snowglobe is designed to match the brick found on the bridge. The second in the series Hallmark first started crafting their ornaments in 1973. Over the past 50 years they?ve become a celebrated tradition for everyone from collectors to everyday Christmas tree decorators. Snag the 2003 Sleigh Ride ornament today?It?s sure to bring joy to your home this Holiday Season!
upc-52,catalog_upc_nokoc,,0015012181586,keepsake ornament: victorian toy box (light motion and music),,General,,0015012181586_20260308_163147.jpg,assets/photos/0015012181586_20260308_163147.jpg,plugs into your existing lights to light up and play music. SKU:ADIB00A25RXAS
upc-53,catalog_upc_nokoc,,0795902205522,Hallmark Ornament 2011 Holiday Angels #6 - Eternal Love,2011,General,,0795902205522_20260308_163159.jpg,assets/photos/0795902205522_20260308_163159.jpg,The Hallmark 2011 Eternal Love Ornament is the sixth in a series  features an angel holding mistletoe.
upc-54,catalog_upc_nokoc,,0015012632293,New Hallmark Keepsake Ornament Frostlight Faeries Queen Aurora Tree Topper 2001,2001,General,,0015012632293_20260308_163227.jpg,assets/photos/0015012632293_20260308_163227.jpg,
upc-55,catalog_upc_nokoc,,0015012825305,Hallmark Keepsake Ornament - Father Christmas (1st in the Series),,Father Christmas,,0015012825305_20260308_163337.jpg,assets/photos/0015012825305_20260308_163337.jpg,1st of a very popular series...
upc-56,catalog_upc_nokoc,,0795902163464,Hallmark Ornament: 2010 100 Years of Helping You Say It All | QXG3403,2010,General,,0795902163464_20260310_133746.jpg,assets/photos/0795902163464_20260310_133746.jpg,The 2010 100 Years of Helping You Say It All Ornament is a stunning addition to any Christmas Tree! This tree celebrates 100 years of Hallmark Cards with this Lovely Christmas tree. The tree features a train track at base of tree  a white porcelain tree and a little village under the tree by the train. Hallmark first started crafting their ornaments in 1973. Over the past 50 years they?ve become a celebrated tradition for everyone from collectors to everyday Christmas tree decorators. Snag the 2010 100 Years of Helping You Say It All ornament today?It?s sure to bring joy to your home this Holiday Season!
upc-57,catalog_upc_nokoc,,0015012376357,Hallmark Ornament: 1996 It s a Wonderful Life | QXI6531 | Anniversary Edition,1996,General,,0015012376357_20260310_133804.jpg,assets/photos/0015012376357_20260310_133804.jpg,one of the most beloved films of all time  it s a wonderful life is a special part of the american christmas celebration. each year millions of families gather to share and discover anew the heartwarming story of george bailey and the people whose lives he touched in bedford falls. the film s message is beautifully expressed in the closing scene as an inscription in a book:  remember  no man is a failure who has friends. thanks for the wings! love  clarence.  sculpted by ken crow. features sound - bell rings. handcrafted - dated 1946-1996. item no. qxi6531. SKU:ADIB001GD6NMO
upc-58,catalog_upc_nokoc,,0070000027482,Santa Maria American Commemorative Ornament,1992,General,,0070000027482_20260310_133816.jpg,assets/photos/0070000027482_20260310_133816.jpg,The 1992 Santa Maria Ornament is a stunning addition to any Christmas Tree! This wonderfully detailed ornament commemorates the 500th Anniversary of Christopher Columbus  arrival in America. Hallmark first started crafting their ornaments in 1973. Over the past 50 years they?ve become a celebrated tradition for everyone from collectors to everyday Christmas tree decorators. Snag the 1992 Santa Maria ornament today?It?s sure to bring joy to your home this Holiday Season!
upc-59,catalog_upc_nokoc,,0795902091552,Hallmark Ornament 2009 Toymaker Santa #10 - Remote Control Airplane,2009,Toymaker Santa,,0795902091552_20260310_133828.jpg,assets/photos/0795902091552_20260310_133828.jpg,2009 Toymaker Santa #10 2009 Hallmark Keepsake Series Ornament Item #:QX8232 Item Condition: Mint ornament in Mint BoxThe tenth ornament in the Toymaker Santa series features Santa playing around with a remote control airplane. The ornament is dated  2009  on the wing of the plane. .Notes: This ornament was originally offered as a Hallmark Gold Crown Exclusive.Artist: Ken CrowAdditional Item Information:Size: 3?  HDated: Yes  Dated 2009 Power Source: N/A View All Toymaker Santa Series
upc-60,catalog_upc_nokoc,,0070000027529,Hallmark Ornament 1990 Christmas Classics #5 - The Littlest Angel - Lighted,1990,General,,0070000027529_20260310_133839.jpg,assets/photos/0070000027529_20260310_133839.jpg,The 1990 Partridges in a Pear Ornament is a stunning addition to any Christmas Tree! This ornament showcases partridges in a pear. Add it to your tree and you have Partridges in a Pear tree! Handcrafted and made from Dimensional Brass  plug in this ornament to see it light up! Hallmark first started crafting their ornaments in 1973. Over the past 50 years they?ve become a celebrated tradition for everyone from collectors to everyday Christmas tree decorators. Snag the 1990 Partridges in a Pear ornament today?It?s sure to bring joy to your home this Holiday Season!
upc-61,catalog_upc_nokoc,,0070000027529,Hallmark Ornament 1990 Christmas Classics #5 - The Littlest Angel - Lighted,1990,General,,0070000027529_20260310_133850.jpg,assets/photos/0070000027529_20260310_133850.jpg,The 1990 Partridges in a Pear Ornament is a stunning addition to any Christmas Tree! This ornament showcases partridges in a pear. Add it to your tree and you have Partridges in a Pear tree! Handcrafted and made from Dimensional Brass  plug in this ornament to see it light up! Hallmark first started crafting their ornaments in 1973. Over the past 50 years they?ve become a celebrated tradition for everyone from collectors to everyday Christmas tree decorators. Snag the 1990 Partridges in a Pear ornament today?It?s sure to bring joy to your home this Holiday Season!
upc-62,catalog_upc_nokoc,,0015012421262,Hallmark Keepsake Ornament The Washington Monument 1998 QLX7553,1998,General,,0015012421262_20260310_133902.jpg,assets/photos/0015012421262_20260310_133902.jpg,With unparalleled artistry and exceptional detail  each festive and collectible Keepsake Ornament is made for years of celebrations. From preserving precious memories to commemorating special milestones and interests  there s a Hallmark ornament for everyone on your gift list. SKU:ADIB0045ASA58
upc-63,catalog_upc_nokoc,,0015012438178,1998 Hallmark St. Nicholas Circle Lighted Ornament,1998,General,,0015012438178_20260310_133913.jpg,assets/photos/0015012438178_20260310_133913.jpg,The 1998 St. Nicholas Circle Ornament is a stunning addition to any Christmas Tree! Portrays the artists dream Christmas village! The heart of the town is the skating pond and Christmas tree! Hallmark first started crafting their ornaments in 1973. Over the past 50 years they?ve become a celebrated tradition for everyone from collectors to everyday Christmas tree decorators. Snag the 1998 St. Nicholas Circle ornament today?It?s sure to bring joy to your home this Holiday Season!
upc-64,catalog_upc_nokoc,,0795902056247,2008 The Chicken Dance Hallmark Keepsake Christmas Ornament Magic Sound,2008,Nativity,,0795902056247_20260310_133936.jpg,assets/photos/0795902056247_20260310_133936.jpg,
upc-65,catalog_upc_nokoc,,0015012975345,HALLMARK KEEPSAKE FROSTY FRIENDS 28TH IN THE SERIES 2007,2007,Frosty Friends,,0015012975345_20260310_134001.jpg,assets/photos/0015012975345_20260310_134001.jpg,2007 Hallmark Keepsake Ornament FROSTY FRIENDS #28 in the series SKU:
upc-66,catalog_upc_nokoc,,0015012910698,2006 Hallmark Keepsake Teddy Bear Band Christmas Ornament Lights Music,2006,General,,0015012910698_20260310_134012.jpg,assets/photos/0015012910698_20260310_134012.jpg,
upc-67,catalog_upc_nokoc,,0015012984712,2007 Chatty Cathy Hallmark Keepsake Christmas Tree Ornament - QXI7259,2007,General,,0015012984712_20260310_134023.jpg,assets/photos/0015012984712_20260310_134023.jpg,Get your little girl the classic Chatty Cathy Doll from Mattel! This classic brunette doll wears a red and white dress with a red headband and red shoes. Pull the string on the back of the ornament to hear one of 11 sayings and let her play make believe for hours. Get your Chatty Cathy Doll today!
upc-68,catalog_upc_nokoc,,0015012492255,1999 Frosty Friends Hallmark Keepsake Christmas Tree Ornament - QX6297,1999,Frosty Friends,,0015012492255_20260310_134036.jpg,assets/photos/0015012492255_20260310_134036.jpg,On this sunny day  Frosty the Eskimo and his polar bear and penguin friends were out ice-skating. Reminiscing on the festive street sign with the address number  1999   they were reminded that on Polar streets  some folks skate to work. But for these friends  it was all about having fun and making memories!
upc-69,catalog_upc_nokoc,,0795902019297,Sweet Little Soldier 2008 Hallmark Keepsake Ornament,2008,General,,0795902019297_20260310_134048.jpg,assets/photos/0795902019297_20260310_134048.jpg,figure
upc-70,catalog_upc_nokoc,,0015012116168,1994 Candy Cane Lookout Hallmark Keepsake Christmas Tree Ornament - QLX737-6,1994,General,,0015012116168_20260310_134059.jpg,assets/photos/0015012116168_20260310_134059.jpg,Illuminate your holiday season with this beautiful beacon of light! The lighthouse beacon ornament is the perfect addition to your Christmas decorations. It easily plugs into any light bulb socket on a miniature tree light string and blinks continuously and automatically. For safety  use only with standard U.L.-listed light strings of 3.5- or 6-volt bulbs. Add a unique touch to your holiday decor this season!
upc-71,catalog_upc_nokoc,,0070000027536,Hallmark Ornament: 1992 Peanuts Lighted | QLX7214 | 2nd in Series,1992,General,,0070000027536_20260310_134110.jpg,assets/photos/0070000027536_20260310_134110.jpg,The 1992 Peanuts Lighted Ornament is a stunning addition to any Christmas Tree! Snoopy and Woodstock are sitting on Snoopy s doghouse cuddling to keep warm in the cold. They also decorated the doghouse with a lighted up wreath! Hallmark first started crafting their ornaments in 1973. Over the past 50 years they?ve become a celebrated tradition for everyone from collectors to everyday Christmas tree decorators. Snag the 1992 Peanuts Lighted ornament today?It?s sure to bring joy to your home this Holiday Season!
upc-72,catalog_upc_nokoc,,0015012911800,Hallmark Ornament: 2006 Letters to Santa | QLX7606,2006,Nativity,,0015012911800_20260310_134122.jpg,assets/photos/0015012911800_20260310_134122.jpg,The 2006 Letters to Santa Ornament is a stunning addition to any Christmas Tree! Welcome to the 2006 Letters To Santa ornament  a special Christmas decoration that captures the magic of the holiday season. Sure to become an instant classic in any home  this wonderful ornament features Santa Claus sitting at his desk surrounded by letters from children all over the world. It s a charming reminder that Santa is always listening to what kids want for Christmas and gives him an idea as to what they re hoping to find under their tree. Crafted with great attention to detail  this ornament has been created with a whimsical and witty touch that adults and kids alike will love. Whether used for holiday decorating or given as a gift  this finely detailed ornament is sure to become a treasured keepsake for many years to come. Features five heartwarming and humorous recordings of children reading their letters to Santa. To hear one pull down on the bell below the ornament. Hallmark first started crafting their ornaments
upc-73,catalog_upc_nokoc,,0763795666195,Hallmark 18th in the series Multi-color Plastic Character Ornament  5.7,1910,General,,0763795666195_20260310_134137.jpg,assets/photos/0763795666195_20260310_134137.jpg,Hallmark Cards  Inc. believes that when you care enough  you can change the world. That?s why we are dedicated to creating a more emotionally connected world and making a difference in the lives of others. Founded in 1910 by teenage entrepreneur J.C. Hall  and remaining a private company with family members on the board of directors today  Hallmark?s businesses employ approximately 27 000 worldwide and generate revenues of approximately $3.5 billion. Headquartered in Kansas City  Mo.  Hallmark has a diverse portfolio of businesses.
upc-74,catalog_upc_nokoc,,0015012568615,Hallmark Ornament: 2000 Lighthouse Greetings | QLX7344,2000,General,,0015012568615_20260310_134145.jpg,assets/photos/0015012568615_20260310_134145.jpg,The 2000 Lighthouse Greetings Ornament is a stunning addition to any Christmas Tree! Fourth in the Lighthouse Greetings Series. The Holiday Lighthouse Series is similar to this series  We recommend these White and Multi-colored lights which seem to work best with this ornament. Hallmark first started crafting their ornaments in 1973. Over the past 50 years they?ve become a celebrated tradition for everyone from collectors to everyday Christmas tree decorators. Snag the 2000 Lighthouse Greetings ornament today?It?s sure to bring joy to your home this Holiday Season!
upc-75,catalog_upc_nokoc,,0015012747522,"2003 Hallmark Qxi8769 ""100 Years Of Fun Crayola Crayons"" Ornament",2003,General,,0015012747522_20260310_134201.jpg,assets/photos/0015012747522_20260310_134201.jpg,
upc-76,catalog_upc_nokoc,,0015012554236,1999 The Snowmen of Mitford Hallmark Keepsake Christmas Tree Ornament - QXI8587,1999,General,,0015012554236_20260310_134215.jpg,assets/photos/0015012554236_20260310_134215.jpg,After a Christmas blizzard in Mitford  the children come out to play in the snow and create a trail of cheerful snowmen wearing colorful scarves and knit caps. Follow the trail and discover the joy of winter in Karen s best-selling novel  A Light in the Window. Enjoy the cozy homes and the fun of creating snowmen with a bucket for a  hat !
upc-77,catalog_upc_nokoc,,0015012859898,2005 Toyland Treasures (Toyland Treasures) Hallmark Keepsake Christmas Tree Ornament - QLX7625,2005,General,,0015012859898_20260310_134230.jpg,assets/photos/0015012859898_20260310_134230.jpg,Get into the holiday spirit with this festive windup ornament! Featuring a beautiful Christmas tree atop a base  with a Jack-in-the-Box and two other characters surrounding it  this ornament plays the beloved holiday carol  O Tannenbaum  when wound. Perfect for your Christmas tree or mantle!
upc-78,catalog_upc_nokoc,,0015012631760,2001 Graceful Reindeer Hallmark Keepsake Christmas Tree Ornament - QX8912,2001,Nativity,,0015012631760_20260310_134245.jpg,assets/photos/0015012631760_20260310_134245.jpg,Add a festive touch to your Christmas tree with these three Hallmark reindeer ornaments. Featuring a reindeer with a present on its back  these beautiful white and blue decorations will add a magical touch to your holiday decor. Get your tree ready for the holidays with these charming decorations!
upc-79,catalog_upc_nokoc,,0015012639506,Hallmark Ornament 2001 Mitford Snowman Jubilee - set of 4,2001,General,,0015012639506_20260310_134254.jpg,assets/photos/0015012639506_20260310_134254.jpg,QX2825 - Keepsake Ornament MINT IN BOX Set of fourMiss Rose: 2 1/8  H Bookworm: 2 1/8  H J.C.: 2 5/8  H Percy: 2 1/4  HArtist: Sue Tague
upc-80,catalog_upc_nokoc,,0015012389357,Hallmark Ornament 1996 Holiday Barbie #4,1996,Barbie,,0015012389357_20260310_134452.jpg,assets/photos/0015012389357_20260310_134452.jpg,Vintage 1996 Hallmark Holiday Barbie Collector s Series. Handcrafted - Dated 1996 Fourth in the Holiday BARBIE Series.  Wearing a glamorous ensemble with a classic Victorian look  BARBIE celebrates the holidays in style. This Keepsake Ornament is the fourth in a series of designs inspired by the very special BARBIE dolls offered each holiday season.
upc-81,catalog_upc_nokoc,,0015012680058,Hallmark Ornament: 2002 Barbie Sophisticated Lady Fashion | QX8203,2002,Barbie,,0015012680058_20260310_134517.jpg,assets/photos/0015012680058_20260310_134517.jpg,Keep your Barbie collection stylish with this 1961 Travel Pal Set of Keepsake Ornaments! This rectangular case features the Barbie name and two dresses in blue and gold  and comes with four miniature ornaments - a signature charm  shoes  purse  and sunglasses. Perfect for recreating the Golden Girl  Plantation Belle  Cotton Casual  Resort Set  Apple Print Sheath  and Cruise Stripes fashions.
upc-82,catalog_upc_nokoc,,0015012166538,Hallmark Ornament: 1994 Debut 1969 Barbie | QX5006 | 1st in series,1994,Barbie,,0015012166538_20260310_134529.jpg,assets/photos/0015012166538_20260310_134529.jpg,The 1994 Debut 1969 Barbie Ornament is a stunning addition to any Christmas Tree! This nostalgic ornament  the first in the Debut Barbie series  is syled to reflec the fashionable stylings of that 1959 Debut Barbie. From her hoop earrings and striped swimsuit to her open toe pumps  Barbie is truly an original. Hallmark first started crafting their ornaments in 1973. Over the past 50 years they?ve become a celebrated tradition for everyone from collectors to everyday Christmas tree decorators. Snag the 1994 Debut 1969 Barbie ornament today?It?s sure to bring joy to your home this Holiday Season!
upc-83,catalog_upc_nokoc,,0015012285048,Hallmark Keepsake Native American Barbie Ornament Dolls of the World 1996,1996,Barbie,,0015012285048_20260310_134541.jpg,assets/photos/0015012285048_20260310_134541.jpg,The 1996 Native American Barbie Ornament is a stunning addition to any Christmas Tree! Barbie wears a traditional dress patterned after authentic buckskin clothing with beaded accents. This doll is the first in the Dolls of The World Barbie Series. Hallmark first started crafting their ornaments in 1973. Over the past 50 years they?ve become a celebrated tradition for everyone from collectors to everyday Christmas tree decorators. Snag the 1996 Native American Barbie ornament today?It?s sure to bring joy to your home this Holiday Season!
upc-84,catalog_upc_nokoc,,0015012452488,Hallmark Ornament: 1998 Silken Flame Barbie | QXI4043 | 5th in series,1998,Barbie,,0015012452488_20260310_134614.jpg,assets/photos/0015012452488_20260310_134614.jpg,The 1998 Silken Flame Barbie Ornament is a stunning addition to any Christmas Tree! The glamorous evening ensambel workn by Barbie combines two favorite fashions from the 1960s. The original Red Flare coat was velvet and the Silken Flame Knee-length dress featured a shite satin skirt. Hallmark first started crafting their ornaments in 1973. Over the past 50 years they?ve become a celebrated tradition for everyone from collectors to everyday Christmas tree decorators. Snag the 1998 Silken Flame Barbie ornament today?It?s sure to bring joy to your home this Holiday Season!
upc-85,catalog_upc_nokoc,,0015012564532,Hallmark Ornament 2000 Barbie #7 - Commuter Barbie,2000,Barbie,,0015012564532_20260310_134628.jpg,assets/photos/0015012564532_20260310_134628.jpg,QX6814 - Keepsake Ornament MINT IN BOX Seventh in Series Set of two ornaments. Barbie Ornament and Hatbox Ornament.Artist: Patricia AndresView ALL Barbie Ornaments View All
upc-86,catalog_upc_nokoc,,0015012382068,Hallmark Ornament 1999 Barbie #6 - Gay Parisienne,1999,Barbie,,0015012382068_20260310_134642.jpg,assets/photos/0015012382068_20260310_134642.jpg,QXI5301 - Keepsake Ornament MINT IN BOX Barbie Ornament Series Sixth in Series Gay Parisienne 2 1/2  HArtist: Patricia AndrewsView ALL Barbie Ornaments View All Save
upc-87,catalog_upc_nokoc,,0015012745931,Malibu Barbie 10th in Barbie series 2003 Hallmark Ornament,2003,Barbie,,0015012745931_20260310_134653.jpg,assets/photos/0015012745931_20260310_134653.jpg,Malibu Barbie 10th in Barbie series 2003 Hallmark Ornament
upc-88,catalog_upc_nokoc,,0795902200060,Hallmark 2011 Nostalgic Barbie Series #18 - Campus Sweetheart Ornament,2011,Barbie,,0795902200060_20260310_134704.jpg,assets/photos/0795902200060_20260310_134704.jpg,Hallmark 2011 Nostalgic Barbie Series #18 - Campus Sweetheart Ornament
upc-89,catalog_upc_nokoc,,0015012391978,Hallmark Keepsake Ornament Wedding Day Barbie Collector s Series 1997 Mattel,1997,Barbie,,0015012391978_20260310_134715.jpg,assets/photos/0015012391978_20260310_134715.jpg,The 1997 Wedding Day Barbie Ornament is a stunning addition to any Christmas Tree! Barbie is exquisite in her formal wedding gown with double tiered overskirt of lace. The ornament recreates the Weddind Day Set Barbie from 1959-1962. Hallmark first started crafting their ornaments in 1973. Over the past 50 years they?ve become a celebrated tradition for everyone from collectors to everyday Christmas tree decorators. Snag the 1997 Wedding Day Barbie ornament today?It?s sure to bring joy to your home this Holiday Season!
upc-90,catalog_upc_nokoc,,0015012478747,Hallmark Keepsake Ornament Russian Barbie 1999,1999,Barbie,,0015012478747_20260310_134726.jpg,assets/photos/0015012478747_20260310_134726.jpg,Hallmark Keepsake Ornament Russian Barbie 1999Hallmark Keepsake Ornament Russian Barbie 1999Hallmark
upc-91,catalog_upc_nokoc,,0015012976557,Holiday 2007 Barbie Doll NRFB,2007,Barbie,,0015012976557_20260310_134737.jpg,assets/photos/0015012976557_20260310_134737.jpg,Hallmark Keepsake Roman Holiday Barbie Ornament #14 2007 When in Rome  dress as the fabulous do! Barbie Doll does just that in this carefully crafted re-creation of Roman Holiday (1959). Barbie wears a dress with striped bodice and matching knee-length coat-just the thing for going effortlessly from cafe to Colosseum. A simply elegant  peal  necklace and red straw half-hat add a touch of continental polish. And wish purse and sunglasses in hand  Barbie is ready for a day of soaking up all the history and glamour of the city. Barbie
upc-92,catalog_upc_nokoc,,0015012922059,Barbie Evening Splendor 13th (Blonde) 2006 Hallmark Keepsake Ornament QX2373,2006,Barbie,,0015012922059_20260310_134750.jpg,assets/photos/0015012922059_20260310_134750.jpg,Barbie Evening Splendor 13th (Blonde) 2006 Hallmark Keepsake Ornament QX2373 Wearing a slim golden and white brocade dress with a matching coat  Barbie doll is beautifully dressed for a night on the town. Faux fur ads a touch of elegance to the three-quarter-length sleeves of the coat and to the headband. The fashion of the day (1959-1964) is reflected in the  pearl  necklace and earrings and  peal  trim on the headband. Open-toe shoes and white gloves complete the outfit  while a bright turquoise color clutch adds a dash of whimsy. Barbie
upc-93,catalog_upc_nokoc,,0795902031855,Hallmark Ornament 2008 Barbie #15 - Club Meeting,2008,Barbie,,0795902031855_20260310_134800.jpg,assets/photos/0795902031855_20260310_134800.jpg,Hallmark Keepsake Ornament 2008 Club Meeting Barbie Ornament QX2861 Barbie doll knows how to make a chic entrance- especially for a meeting with the Club. This sophisticated jacket dress features a wide collar edged in green satin that drapes over the shoulders. The accent of pale blue flower buds is dramatic and tasteful at the same time. From swirl ponytail to turquoise pumps  Barbie always creates an unforgettable impression! Barbie
upc-94,catalog_upc_nokoc,,0015012595048,Barbie Collector Series Busy Gal Fashion Designer 2001 Hallmark Keepsake Ornament,2001,Barbie,,0015012595048_20260310_134821.jpg,assets/photos/0015012595048_20260310_134821.jpg,Officially licensed by Hallmark! Ornament comes in a collectors box.
upc-95,catalog_upc_nokoc,,0795902142094,"Hallmark Ornament Barbie Friday Night Date 2009,  17th in Series",2009,Barbie,,0795902142094_20260310_134831.jpg,assets/photos/0795902142094_20260310_134831.jpg,
upc-96,catalog_upc_nokoc,,0015012544992,40th Anniversary Barbie Ornament (1999) Hallmark Keepsake Ornament,1999,Barbie,,0015012544992_20260310_134842.jpg,assets/photos/0015012544992_20260310_134842.jpg,The 1999 40th Anniversary Barbie Ornament is a stunning addition to any Christmas Tree! For Barbies 40th anniversary  she makes a dramatic entrance in the sophisticated black gown. The pattern of the bodice of her gown is reminiscent of the striped swimsuit from her 1959 debut year. Hallmark first started crafting their ornaments in 1973. Over the past 50 years they?ve become a celebrated tradition for everyone from collectors to everyday Christmas tree decorators. Snag the 1999 40th Anniversary Barbie ornament today?It?s sure to bring joy to your home this Holiday Season!
upc-97,catalog_upc_nokoc,,0015012376142,Valentine Enchanted Evening Ornament - Purse Size,1996,Barbie,,0015012376142_20260310_134921.jpg,assets/photos/0015012376142_20260310_134921.jpg,The 1996 Enchanting Evening Barbie Ornament is a stunning addition to any Christmas Tree! Barbie wears the glamorous ensembel from the Enchanted Evening Barbie which was offered from 1960-1963. She wears an elegent pink gown with a long draping train. Hallmark first started crafting their ornaments in 1973. Over the past 50 years they?ve become a celebrated tradition for everyone from collectors to everyday Christmas tree decorators. Snag the 1996 Enchanting Evening Barbie ornament today?It?s sure to bring joy to your home this Holiday Season!
upc-98,catalog_upc_nokoc,,0015012095579,Hallmark Ornament: 1993 Holiday Barbie | QX5725 | 1st in Series,1993,Barbie,,0015012095579_20260310_134934.jpg,assets/photos/0015012095579_20260310_134934.jpg,The 1993 Holiday Barbie Ornament is a stunning addition to any Christmas Tree! This 1993 Barbie - Holiday #1 ornament is a beautiful addition to any Christmas decor. The ornament is a blonde barbie in a red dress with gold accents  and it is the same design as the popular Holiday Barbie dolls by Mattel. This would make an excellent gift for any Barbie fan  or anyone who appreciates beautiful Christmas decorations. Hallmark first started crafting their ornaments in 1973. Over the past 50 years they?ve become a celebrated tradition for everyone from collectors to everyday Christmas tree decorators. Snag the 1993 Holiday Barbie ornament today?It?s sure to bring joy to your home this Holiday Season!
upc-99,catalog_upc_nokoc,,0763795133239,Hallmark Keepsake Holiday Barbie Ornaments - Green Dress,,Barbie,,0763795133239_20260310_134945.jpg,assets/photos/0763795133239_20260310_134945.jpg,"The beautiful gown on this Barbie ornament is a recreation of this year's new Holiday Barbie Doll in the green dress, with a unique bodice and hairstyle"
upc-100,catalog_upc_nokoc,,0015012539431,1999 Millennium Princess Barbie Hallmark Keepsake Ornament,1999,Barbie,,0015012539431_20260310_135003.jpg,assets/photos/0015012539431_20260310_135003.jpg,The 1999 Barbie as The Millennium Princess Ornament is a stunning addition to any Christmas Tree! Barbie wears an elegant formal gown of midnight blue  accented by beautiful jewelry and a sparkling crown. She carries a crystal ball that symbolizes the beginning of the new year and new century. Hallmark first started crafting their ornaments in 1973. Over the past 50 years they?ve become a celebrated tradition for everyone from collectors to everyday Christmas tree decorators. Snag the 1999 Barbie as The Millennium Princess ornament today?It?s sure to bring joy to your home this Holiday Season!
upc-101,catalog_upc_nokoc,,0015012134100,Hallmark Ornament: 1994 Holiday Barbie | QX5216 | 2nd in Series,1994,Barbie,,0015012134100_20260310_135042.jpg,assets/photos/0015012134100_20260310_135042.jpg,The 1994 Holiday Barbie Ornament is a stunning addition to any Christmas Tree! This Holiday Barbie is wearing a gold dress with white trim. The base of the dress has a white insert with gold accents. Barbie has blonde hair. This is one of the most loving Holiday Barbies that was produced. Hallmark first started crafting their ornaments in 1973. Over the past 50 years they?ve become a celebrated tradition for everyone from collectors to everyday Christmas tree decorators. Snag the 1994 Holiday Barbie ornament today?It?s sure to bring joy to your home this Holiday Season!
upc-102,catalog_upc_nokoc,,0015012176698,Hallmark Ornament: 1995 Holiday Barbie | QXI5057 | 3rd in Series,1995,Barbie,,0015012176698_20260310_135049.jpg,assets/photos/0015012176698_20260310_135049.jpg,The 1995 Holiday Barbie Ornament is a stunning addition to any Christmas Tree! This 1995 Barbie - Holiday #3 ornament is a beautiful addition to any Christmas decor. The ornament is a blonde barbie in a green dress with silver and gold accents and a long red ribbon  and it is the same design as the popular Holiday Barbie dolls by Mattel for 1995. This would make an excellent gift for any Barbie fan. Hallmark first started crafting their ornaments in 1973. Over the past 50 years they?ve become a celebrated tradition for everyone from collectors to everyday Christmas tree decorators. Snag the 1995 Holiday Barbie ornament today?It?s sure to bring joy to your home this Holiday Season!
upc-103,catalog_upc_nokoc,,0015012455090,Hallmark Ornament: 1997 Holiday Barbie | QXI6212 | 5th in Series,1997,Barbie,,0015012455090_20260310_135100.jpg,assets/photos/0015012455090_20260310_135100.jpg,The 1997 Holiday Barbie Ornament is a stunning addition to any Christmas Tree! This year s holiday Barbie features a brunette Barbie wearing a stunning red and white dress. The dress looks like it has large red ribbons with white lace as accents. There is white lacy insert at the bottom of the dress. This is a very unique and stunning dress on Barbie this year. Hallmark first started crafting their ornaments in 1973. Over the past 50 years they?ve become a celebrated tradition for everyone from collectors to everyday Christmas tree decorators. Snag the 1997 Holiday Barbie ornament today?It?s sure to bring joy to your home this Holiday Season!
upc-104,catalog_upc_nokoc,,0015012511215,Hallmark Keepsake Ornament Holiday Barbie Collector s Series,1998,Barbie,,0015012511215_20260310_135125.jpg,assets/photos/0015012511215_20260310_135125.jpg,The 1998 Holiday Barbie Ornament is a stunning addition to any Christmas Tree! Dressed for an evening at the opera or a gala ball  Barbie wears an elaborate black gown with glittering accents. The regal collar is lined with her signature shade of pink. Sixth in the series. Hallmark first started crafting their ornaments in 1973. Over the past 50 years they?ve become a celebrated tradition for everyone from collectors to everyday Christmas tree decorators. Snag the 1998 Holiday Barbie ornament today?It?s sure to bring joy to your home this Holiday Season!
upc-105,catalog_upc_nokoc,,0795902088507,Hallmark Ornament: 2009 Country Club Dance | QX8425 | Barbie,2009,Barbie,,0795902088507_20260310_135144.jpg,assets/photos/0795902088507_20260310_135144.jpg,Hallmark Country Club Dance Barbie Ornament 16th In Series 2009 Barbie doll makes a statement on the dance floor in this elegant gold-and-white-stripe cocktail dress. The fitted bodice and flouncy skirt are the perfect combination for an evening at the country club. And no outfit would be complete without the perfect accessories. With a pearl necklace  long white gloves  and gold clutch purse  Barbie gets it right with every detail of this fabulous 1965 ensemble! Barbie
upc-106,catalog_upc_nokoc,,0015012864830,Hallmark Keepsake Barbie Fashion Luncheon Ornament 12th in Series 2005 QX2305,2005,Barbie,,0015012864830_20260310_135201.jpg,assets/photos/0015012864830_20260310_135201.jpg,Hallmark Keepsake Barbie Fashion Luncheon Ornament 12th in Series 2005 QX2305 In Fashion Luncheon (1966-1967) Barbie doll looked both pretty and polished in pink. This sophisticated ensemble was just the thing for an uptown daytime engagement. A pink satin hat echoed satin accents on the dress and jacket  while feminine details such as the hat s delicate flowers and the sparkling pin on the jacket s jabot sweetens the look. With pink heels and long white gloves to top it all off  Barbie showed once again what it meant to be tastefully yet sensationally put together. Barbie
upc-107,catalog_upc_nokoc,,0015012176667,Hallmark Keepsake Ornament 1995 Barbie Solo in The Spotlight QXI5049,1995,Barbie,,0015012176667_20260310_135212.jpg,assets/photos/0015012176667_20260310_135212.jpg,The 1995 Solo in the Spotlight Barbie Ornament is a stunning addition to any Christmas Tree! Wearing a glamourous evening gown  Barbie takes center stage- with her very own microphone. Her dramatic ensamble called Solo in the Spotlight was offered from 1960 to 1964. Hallmark first started crafting their ornaments in 1973. Over the past 50 years they?ve become a celebrated tradition for everyone from collectors to everyday Christmas tree decorators. Snag the 1995 Solo in the Spotlight Barbie ornament today?It?s sure to bring joy to your home this Holiday Season!
upc-108,catalog_upc_nokoc,,0795902261658,Hallmark 2012 Keepsake Ornaments QX 8394 Matinee Fashionâ„¢ Barbieâ„¢ Ornament ~ 19th And Final in the Barbie Series,2012,Barbie,,0795902261658_20260310_135223.jpg,assets/photos/0795902261658_20260310_135223.jpg,new SKU:
upc-109,catalog_upc_nokoc,,0015012372700,Hallmark Ornament: 1997 Chinese Barbie | QX6162 | 2nd in series,1997,Barbie,,0015012372700_20260310_135235.jpg,assets/photos/0015012372700_20260310_135235.jpg,The 1997 Chinese Barbie Ornament is a stunning addition to any Christmas Tree! Barbie s look celebrates the heritage of beautiful prints and rich textures found in Chinese Fashions. Hallmark first started crafting their ornaments in 1973. Over the past 50 years they?ve become a celebrated tradition for everyone from collectors to everyday Christmas tree decorators. Snag the 1997 Chinese Barbie ornament today?It?s sure to bring joy to your home this Holiday Season!
upc-110,catalog_upc_nokoc,,0795902332587,Father Christmas #10 Series 2013 Hallmark Ornament,2013,Nativity,,0795902332587_20260310_140048.jpg,assets/photos/0795902332587_20260310_140048.jpg,Hallmark 2013  Father Christmas  Ornament is 10th in the series. Scroll reads  The timeless traditions of Christmas bring magical memories to be shared again and again.  3.625  W x 5.375  H x 3  D SKU:
upc-111,catalog_upc_nokoc,,0015012722949,"Hallmark Keepsake Ornament ""kris And The Kringles"" 2003 3 In Series, Lights",2003,General,,0015012722949_20260310_140103.jpg,assets/photos/0015012722949_20260310_140103.jpg,
upc-112,catalog_upc_nokoc,,0015012632507,Hallmark Ornament 2002 Kris and the Kringles #2 - Revolving Doors Turn !,2002,Nativity,,0015012632507_20260310_140114.jpg,assets/photos/0015012632507_20260310_140114.jpg,QX8173 - Keepsake Ornament - MAGIC MINT IN BOX Wind-up MovementSecond in Series Revolving doors turn - with Santa and the reindeer inside! 4 1/8  H x 2 3/4  WArtist: Ken CrowView ALL Kris and the Kringles Series
upc-113,catalog_upc_nokoc,,0795902248727,Hallmark Ornament 2012 Christmas Window #10 - Jangles Gifts & Toys,2012,Christmas Windows,,0795902248727_20260310_140155.jpg,assets/photos/0795902248727_20260310_140155.jpg,The 2012 Christmas Window 2012 Ornament is a stunning addition to any Christmas Tree! A little girl and her dog look into the window of the storefront. This ornament was only available to Keepsake Ornament Club members and is limited. This is a tense in the Christmas window series which features children looking in to the windows of different types of storefronts. Hallmark first started crafting their ornaments in 1973. Over the past 50 years they?ve become a celebrated tradition for everyone from collectors to everyday Christmas tree decorators. Snag the 2012 Christmas Window 2012 ornament today?It?s sure to bring joy to your home this Holiday Season!
upc-114,catalog_upc_nokoc,QXC5519,0763795613274,Hallmark Ornament 2020 Christmas Window #18 - North Pole Creamery CLUB,2020,Christmas Windows,,0763795613274_20260310_140211.jpg,assets/photos/0763795613274_20260310_140211.jpg,2020 Christmas Window #18 2020 Hallmark Keepsake Club OrnamentItem #: QXC5519 Condition: Mint Ornament in Mint Box*Hooked on Ornaments does not require club membership to purchases Club exclusive ornaments. There s no holiday scene more iconic than a child waiting for Santa  which is exactly what Keepsake Artist Nina Aub? delivers for the 18th ornament in the Christmas Window collector s series. A sweet little girl all ready for bed looks to the sky on Christmas Eve with hopes of spotting Santa Claus. Her trusted stuffed animal piggy guards the milk and cookies while a bunny outside shares the girl s wonderment. What s that in the sky  a shooting star or Santa s sleigh? Glistening with glittery snow accents and a bottle brush tree attachment  this KOC member exclusive Christmas tree ornament is sure to brighten your holidays.Christmas tree ornament is 18th in the Christmas Windows collector s series.; Artist crafted by Nina Aub?  this Christmas tree ornament comes pre-packaged in a box for easy gift giving
upc-115,catalog_upc_nokoc,,0763795962587,Hallmark Ornament 2015 Christmas Window #13 - Tammy s Tune Shop,2015,Christmas Windows,,0763795962587_20260310_140324.jpg,assets/photos/0763795962587_20260310_140324.jpg,The 2015 Christmas Window 2015 Ornament is a stunning addition to any Christmas Tree! So much creativity in this ornament. Called Tammy s Tune Shop  a puppy covers his eyes in embarrassment as the little boy plays an air guitar outside the window. Inside the window  the snowman playing guitar is made of snare drums and stands beside a Christmas tree made of a wrap of sheet music. Hallmark first started crafting their ornaments in 1973. Over the past 50 years they?ve become a celebrated tradition for everyone from collectors to everyday Christmas tree decorators. Snag the 2015 Christmas Window 2015 ornament today?It?s sure to bring joy to your home this Holiday Season!
upc-116,catalog_upc_nokoc,,0763795083329,Hallmark Ornament 2016 Christmas Window #14 - Dance Shop,2016,Christmas Windows,,0763795083329_20260310_140335.jpg,assets/photos/0763795083329_20260310_140335.jpg,The 2016 Christmas Window 2016 Ornament is a stunning addition to any Christmas Tree! This year the Christmas Window is from the Dance Shop and a little girl dressed in blue dances outside with her puppy. Inside the window of the shop is a dance tutu and a dancing bunny. Hallmark first started crafting their ornaments in 1973. Over the past 50 years they?ve become a celebrated tradition for everyone from collectors to everyday Christmas tree decorators. Snag the 2016 Christmas Window 2016 ornament today?It?s sure to bring joy to your home this Holiday Season!
upc-117,catalog_upc_nokoc,,0015012871104,Hallmark Keepsake Ornament 2005 Toymaker Santa Sledding Sled 6th 6 Series,2005,Toymaker Santa,,0015012871104_20260310_140415.jpg,assets/photos/0015012871104_20260310_140415.jpg,
upc-118,catalog_upc_nokoc,,0763795532865,Hallmark Keepsake 2019 Toymaker Santa 20th Ornament Club Musical New with Box,2019,Toymaker Santa,,0763795532865_20260310_140426.jpg,assets/photos/0763795532865_20260310_140426.jpg,The 2019 Toymaker Santa Ornament is a stunning addition to any Christmas Tree! Toymaker Santa 20th Anniversary ornament  Turn the crank to see the toys come to life and the ornament will play music and light up. Hallmark first started crafting their ornaments in 1973. Over the past 50 years they?ve become a celebrated tradition for everyone from collectors to everyday Christmas tree decorators. Snag the 2019 Toymaker Santa ornament today?It?s sure to bring joy to your home this Holiday Season!
upc-119,catalog_upc_nokoc,,0015012910346,Hallmark Keepsake Ornament - Snow Buddies #9 in Series 2006 (QX2473),2006,General,,0015012910346_20260310_140445.jpg,assets/photos/0015012910346_20260310_140445.jpg,The 2006 Snow Buddies Ornament is a stunning addition to any Christmas Tree! This 2006 Snow Buddies ornament is a fun addition to your holiday decorations. The snowman is wearing a green scarf  a black hat and a purple vest. He is talking to his little buddy  the skunk  who has a flower in its fur. This ornament is made of resin and stands about 3 inches tall. It would make a great gift for any animal lover or Disney fan. Hallmark first started crafting their ornaments in 1973. Over the past 50 years they?ve become a celebrated tradition for everyone from collectors to everyday Christmas tree decorators. Snag the 2006 Snow Buddies ornament today?It?s sure to bring joy to your home this Holiday Season!
upc-120,catalog_upc_nokoc,,0763795343652,Hallmark Ornament 2018 CLUB Christmas Window #16,2018,Christmas Windows,,0763795343652_20260310_140458.jpg,assets/photos/0763795343652_20260310_140458.jpg,Hallmark Ornament 2018 CLUB Christmas Window #16
upc-121,catalog_upc_nokoc,,0795902140212,Hallmark Ornament 2010 Christmas Window #8 - Patisserie,2010,Christmas Windows,,0795902140212_20260310_140509.jpg,assets/photos/0795902140212_20260310_140509.jpg,The 2010 Christmas Window 2010 Ornament is a stunning addition to any Christmas Tree! This ornament is 8th in the Christmas Windows series. A little girl looks in the window of the pastry store and watches the teddy bear ice the delicious looking cake. This ornament was available only to members of the Keepsake Ornament Club. Hallmark first started crafting their ornaments in 1973. Over the past 50 years they?ve become a celebrated tradition for everyone from collectors to everyday Christmas tree decorators. Snag the 2010 Christmas Window 2010 ornament today?It?s sure to bring joy to your home this Holiday Season!
upc-122,catalog_upc_nokoc,,0795902325237,Hallmark Ornament 2013 Christmas Window #11 - Five & Dime,2013,Christmas Windows,,0795902325237_20260310_140537.jpg,assets/photos/0795902325237_20260310_140537.jpg,The 2013 Christmas Window 2013 Ornament is a stunning addition to any Christmas Tree! This little boy is standing outside of the five and dime store with his little puppy playing with the free yo-yo that he got from visiting Santa. The puppy in his bright green collar is fascinated with the photo of Santa inside the window. This ornament was a Hallmark Keepsake Ornament Club exclusive. Hallmark first started crafting their ornaments in 1973. Over the past 50 years they?ve become a celebrated tradition for everyone from collectors to everyday Christmas tree decorators. Snag the 2013 Christmas Window 2013 ornament today?It?s sure to bring joy to your home this Holiday Season!
upc-123,catalog_upc_nokoc,,0015012860320,Hallmark Keepsake Ornament Club Exclusive 2005 The Opening Game  Santa Christmas,2005,KOC,,0015012860320_20260310_140912.jpg,assets/photos/0015012860320_20260310_140912.jpg,The 2005 The Opening Game Ornament is a stunning addition to any Christmas Tree! This ornament has Santa stacking all the packages in a pile that resembles a Christmas tree. But who should open the first package? Well this ornament can solve that issue. Hallmark first started crafting their ornaments in 1973. Over the past 50 years they?ve become a celebrated tradition for everyone from collectors to everyday Christmas tree decorators. Snag the 2005 The Opening Game ornament today?It?s sure to bring joy to your home this Holiday Season!
upc-124,catalog_upc_nokoc,,0015012069464,Hallmark 1993 Frosty Friends Anniversary Edition Keepsake Ornament QX5682,1993,Frosty Friends,,0015012069464_20260310_140930.jpg,assets/photos/0015012069464_20260310_140930.jpg,The 1993 Frosty Friends Ornament is a stunning addition to any Christmas Tree! The story of Keepsake Ornaments began in 1973--the year the collection first made its debut. Unlike the plain ball ornaments that were available at the time  Keepsake Ornaments were beautifully decorated  reflecting cherished symbols of the Christmas season.  Frosty Friends  has been created to commemorate the 20th Anniversary of Hallmark Keepsake Ornaments. Hallmark first started crafting their ornaments in 1973. Over the past 50 years they?ve become a celebrated tradition for everyone from collectors to everyday Christmas tree decorators. Snag the 1993 Frosty Friends ornament today?It?s sure to bring joy to your home this Holiday Season!
upc-125,catalog_upc_nokoc,,0763795685066,Hallmark Ornament 2021 Snowtop Lodge #17 Whittaker Q Snowden,2021,General,,0763795685066_20260310_140950.jpg,assets/photos/0763795685066_20260310_140950.jpg,2021 Snowtop Lodge #17Whittaker Q Snowden 2021 Hallmark Keepsake OrnamentItem #: QXR9222 Condition: Mint Ornament in Mint Box Let the snowball fights begin! You ll be ready for all the fun the holidays throw your way with this Whittaker Q. Snowden Christmas ornament on your tree. The porcelain snowman  bundled up in a knitted scarf and hat  holds an armful of snowballs at the ready while a glittery scene of snowmen enjoying wintry fun adorns its base.Christmas tree ornament is 17th in the Snowtop Lodge series.; Designed by Joanne Wright  this porcelain Keepsake Ornament features fabric accents. Pre-packaged in a box for easy gift giving  preservation and storage. ; Dated 2021 in copyright.; Porcelain Christmas tree ornament measures 3  W x 4.81  H x 2.09  D.;
upc-126,catalog_upc_nokoc,,0015012279573,1996 Over the Rooftops (Magic) Hallmark Keepsake Christmas Tree Ornament - QLX7374,1996,Nativity,,0015012279573_20260310_141012.jpg,assets/photos/0015012279573_20260310_141012.jpg,Add a special touch to your holiday decor with this 1996 Hallmark Keepsake Ornament. Perfect for any collector  this ornament is sure to bring joy and cheer to your home. Get it now and make your holidays even more special!
upc-127,catalog_upc_nokoc,,0015012746679,hallmark keepsake club exclusive 2003 ornament world famous christmas decorator snoopy light & sound,2003,KOC,,0015012746679_20260310_141027.jpg,assets/photos/0015012746679_20260310_141027.jpg,hallmark keepsake club exclusive 2003 ornament world famous christmas decorator snoopy light & sound
upc-128,catalog_upc_nokoc,,0015012593075,Hallmark Ornament: 2001 Lettera  Globus & Mrs. Claus | QC2001,2001,General,,0015012593075_20260310_141038.jpg,assets/photos/0015012593075_20260310_141038.jpg,The 2001 Lettera  Globus & Mrs. Claus Ornament is a stunning addition to any Christmas Tree! Mrs. Claus and the elves are getting ready for Christmas this year  you can see one elf reading the letter to Santa  one elf checking the names of the kids on the good list  and Mrs. Claus happily organizing all of it! Hallmark first started crafting their ornaments in 1973. Over the past 50 years they?ve become a celebrated tradition for everyone from collectors to everyday Christmas tree decorators. Snag the 2001 Lettera  Globus & Mrs. Claus ornament today?It?s sure to bring joy to your home this Holiday Season!
upc-129,catalog_upc_nokoc,,0015012565591,Hallmark Keepsake The Shepherds 2 Ornaments Blessed Nativity Collection,2000,Nativity,,0015012565591_20260310_141827.jpg,assets/photos/0015012565591_20260310_141827.jpg,The 2000 The Shepherds Ornament is a stunning addition to any Christmas Tree! For many years  artists have celebrated the birth of Christ through song  story  and craft! Hallmark first started crafting their ornaments in 1973. Over the past 50 years they?ve become a celebrated tradition for everyone from collectors to everyday Christmas tree decorators. Snag the 2000 The Shepherds ornament today?It?s sure to bring joy to your home this Holiday Season!
upc-130,catalog_upc_nokoc,,0015012437423,Hallmark Keepsake Ornament The Holy Family Blessed Nativity Collection 1998-2000,1998,Nativity,,0015012437423_20260310_141837.jpg,assets/photos/0015012437423_20260310_141837.jpg,Hallmark Keepsake Ornament The Holy Family Blessed Nativity Collection 1998-2000
upc-131,catalog_upc_nokoc,,0015012529425,Hallmark Ornament: 1999 Balthasar-The Magi | QX8037,1999,Nativity,,0015012529425_20260310_141848.jpg,assets/photos/0015012529425_20260310_141848.jpg,The 1999 Balthasar-The Magi Ornament is a stunning addition to any Christmas Tree! Displaying a cherished creche or Nativity scene is one of the loveliest traditions of the Christmas season  In 1998  Keepsake Ornaments introduced the Blessed Nativity Collection. Hallmark first started crafting their ornaments in 1973. Over the past 50 years they?ve become a celebrated tradition for everyone from collectors to everyday Christmas tree decorators. Snag the 1999 Balthasar-The Magi ornament today?It?s sure to bring joy to your home this Holiday Season!
upc-132,catalog_upc_nokoc,,0015012529432,Hallmark Caspar The Magi Blessed Nativity Collection 1999 Keepsake Ornament,1999,Nativity,,0015012529432_20260310_141859.jpg,assets/photos/0015012529432_20260310_141859.jpg,The 1999 Casper-The Magi Ornament is a stunning addition to any Christmas Tree! Displaying a cherished creche or Nativity scene is one of the loveliest traditions of the Christmas season  In 1998  Keepsake Ornaments introduced the Blessed Nativity Collection. Hallmark first started crafting their ornaments in 1973. Over the past 50 years they?ve become a celebrated tradition for everyone from collectors to everyday Christmas tree decorators. Snag the 1999 Casper-The Magi ornament today?It?s sure to bring joy to your home this Holiday Season!
upc-133,catalog_upc_nokoc,,0015012494617,hallmark keepsake ornament melchior the magi blessed nativity collection 1998-2000,1998,Nativity,,0015012494617_20260310_141910.jpg,assets/photos/0015012494617_20260310_141910.jpg,hallmark keepsake ornament melchior the magi blessed nativity collection 1998-2000
upc-134,catalog_upc_nokoc,QXC5015,0763795267972,Hallmark Ornament 2017 Christmas Window #15 - Outdoor Supply & Tackle,2017,Christmas Windows,,0763795267972_20260310_141955.jpg,assets/photos/0763795267972_20260310_141955.jpg,2017 Christmas Window #15 2017 Hallmark Keepsake Club Ornament Item # QXC5015 Condition: New Ornament in Mint Box 15th in the Christmas Window Series A cheerful boy and his faithful dog are the stars of this year s Christmas Windows ornament  which holds all the small town charm you ve come to love from this series. On the other side of the ornament are miniature fishing supplies  a lantern and a bucket for minnows. On ornament:  Outdoor Supply & Tackle  Artist: Tammy Haddix Size: 2.91? w. x 4.04? h. x 3.07? d. Dated: Yes  Dated 2017
upc-135,catalog_upc_nokoc,,0015012653151,2002 Hallmark Ornament Bringing Home The Tree # 1 Series Winter Wonderland. Item height is 3 inches.,2002,General,,0015012653151_20260310_142014.jpg,assets/photos/0015012653151_20260310_142014.jpg,2002 Hallmark Ornament Bringing Home The Tree # 1 Series Winter Wonderland. Item height is 3 inches.
upc-136,catalog_upc_nokoc,,0015012859355,Ice Skater's Delight Hallmark Keepsake Ornament Winter Wonderland 4th Snow Globe,,General,,0015012859355_20260310_142042.jpg,assets/photos/0015012859355_20260310_142042.jpg,
upc-137,catalog_upc_nokoc,,0015012790689,"Building a Snowman, Winter Wonderland 3rd in Series",,General,,0015012790689_20260310_142054.jpg,assets/photos/0015012790689_20260310_142054.jpg,"Building a Snowman, Winter Wonderland 3rd in Series"
upc-138,catalog_upc_nokoc,,0763795365173,Hallmark Keepsake Ornament Club Exclusive Father Christmas Porcelain 2018,2018,Father Christmas,,0763795365173_20260310_142145.jpg,assets/photos/0763795365173_20260310_142145.jpg,With unparalleled artistry and exceptional detail  each festive and collectible Keepsake Ornament is made for years of celebrations. From preserving precious memories to commemorating special milestones and interests  there s a Hallmark ornament for everyone on your gift list.
upc-139,catalog_upc_nokoc,,0763795791828,Hallmark 2023 KOC Christmas Windows Ornament Keepsake Member Club New with Box,2023,Christmas Windows,,0763795791828_20260310_142211.jpg,assets/photos/0763795791828_20260310_142211.jpg,Celebrate 50 years of Hallmark Keepsake Ornaments with the newest shop on the block?the Keepsake Korners Christmas Shoppe?crafted by Keepsake Artist Tammy Haddix for the 21st ornament in the Christmas Window collector s series. A cute little boy and his dog peer inside  smiling at the festive Christmas tree and oversized snowman that greet them. Glistening with glittery snow accents  this KOC member exclusive Christmas tree ornament is sure to brighten your holidays. Originally only available to 2023 Keepsake Club Members  and produced in low numbers.
upc-140,catalog_upc_nokoc,,0795902088484,Hallmark Ornament 2009 Holiday Angel #4,2009,General,,0795902088484_20260311_134354.jpg,assets/photos/0795902088484_20260311_134354.jpg,2009 Holiday Angel #4 Precious Beauty 2009 Hallmark Keepsake Series Ornament Item #:QX8415 Item Condition: Mint ornament in Mint Condition BoxFourth in the Hallmark Keepsake Ornament series - Holiday Angels. This 2009 Hallmark Keepsake ornament features fabric. The angel holds a poinsettia..Notes: Originally offered as a Hallmark Gold Crown store exclusive.Artist: Julie Forsyth and Edythe KegrizeAdditional Item Information:Size: 4?  HDated: Not Noted Power Source: View All Holiday Angel Series
upc-141,catalog_upc_nokoc,QXC4003,0015012812855,Hallmark Ornament: 2004 Christmas Window 2004 | QXC4003 | 2nd in Series,2004,Christmas Windows,,0015012812855_20260311_134408.jpg,assets/photos/0015012812855_20260311_134408.jpg,The 2004 Christmas Window 2004 Ornament is a stunning addition to any Christmas Tree! Looking for a beautiful and unique Christmas ornament to commemorate the year 2004? Look no further than this gorgeous little number  the Christmas Windows #2 - Club ornament. This ornament features a girl and her dog looking in the window of the Sweet Shoppe. Inside they see a beautiful gingerbread house. What a perfect way to capture the magic of the Christmas season! This ornament is made from high-quality materials and craftsmanship  so it will last for years to come. It would make a perfect addition to any Christmas collection  or it would make a great gift for that special someone in your life. Order your 2004 Christmas Windows #2 - Club ornament today! Hallmark first started crafting their ornaments in 1973. Over the past 50 years they?ve become a celebrated tradition for everyone from collectors to everyday Christmas tree decorators. Snag the 2004 Christmas Window 2004 ornament today?It?s sure to bring joy to
upc-142,catalog_upc_nokoc,,0015012599473,2001 Kris and the Kringles Hallmark Keepsake Christmas Tree Ornament - QX8112,2001,General,,0015012599473_20260311_134418.jpg,assets/photos/0015012599473_20260311_134418.jpg,Get into the holiday spirit with the Kris and The Kringles collection from Hallmark! This festive set includes a Santa Claus figurine surrounded by his band  all sitting on a drum. Start your collection today and make every holiday special!
upc-143,catalog_upc_nokoc,,0015012915884,2006 Trimming the Tree (Winter Wonderland),2006,General,,0015012915884_20260311_134429.jpg,assets/photos/0015012915884_20260311_134429.jpg,Hallmark ornament from 2006 called  Winter Wonderland #5 - Trimming The Tree.  This ornament features a snow globe with a festive scene inside  depicting a family putting the finishing touches on their Christmas tree. The concept of ornaments with snow globes is a popular and charming theme during the holiday season.
upc-144,catalog_upc_nokoc,,0015012746617,Hallmark Christmas Window Club Exclusive 2003 Keepsake Ornament,2003,Christmas Windows,,0015012746617_20260311_134443.jpg,assets/photos/0015012746617_20260311_134443.jpg,Hallmark Christmas Window Club Exclusive 2003 Keepsake Ornament ~Hallmark 2003~ CLUB EXCLUSIVE  Christmas Window  1st in a Club series All of the ornaments in this series will be as easily displayed on a tabletop as on a tree! Realistic details enhance this classic scene of a child who hoped to catch a glimpse of Santa Claus. Designed by Ken Crow Dated 3  W x 4 5/8  H Hallmark
